Hovedtypegruppe;Prosedyrekategori;Hovedtype;Grunntype;Grunntypenavn;Kode
I;0;01;001;dalformet lavlands-åslandskap;I-0-01-001
I;0;01;002;dalformet lavlands-åslandskap med jordbruk;I-0-01-002
I;0;01;003;dalformet lavlands-åslandskap med bygd/bebyggelse;I-0-01-003
I;0;01;004;dalformet lavlands-åslandskap med jordbruksbygd;I-0-01-004
I;0;01;005;dalformet lavlands-åslandskap med tettsted/småby;I-0-01-005
I;0;01;006;dalformet lavlands-åslandskap med småby og jordbruk;I-0-01-006
I;0;01;007;dalformet lavlands-åslandskap med storby;I-0-01-007
I;0;01;008;dalformet hei- og fjellskogs-landskap;I-0-01-008
I;0;01;009;dalformet hei- og fjellskogs-landskap med jordbruk;I-0-01-009
I;0;01;010;dalformet hei- og fjellskogs-landskap med bygd/bebyggelse;I-0-01-010
I;0;01;011;dalformet fjellheilandskap;I-0-01-011
I;0;01;012;dalformet snaufjellslandskap;I-0-01-012
I;0;01;013;dalformet snaufjellslandskap med isbre;I-0-01-013
I;0;01;014;slakt lavlands-åslandskap ;I-0-01-014
I;0;01;015;slakt lavlands-åslandskap med skog og jordbruk;I-0-01-015
I;0;01;016;slakt lavlands-åslandskap med bygd/bebyggelse;I-0-01-016
I;0;01;017;slakt lavlands-åslandskap med jordbruksbygd;I-0-01-017
I;0;01;018;slakt lavlands-åslandskap med tettsted/småby;I-0-01-018
I;0;01;019;slakt lavlands-åslandskap med tettsted/småby og jordbruk;I-0-01-019
I;0;01;020;slakt lavlands-åslandskap med storby;I-0-01-020
I;0;01;021;slakt hei- og fjellskogs-landskap;I-0-01-021
I;0;01;022;slakt hei- og fjellskogs-landskap med bygd/bebyggelse;I-0-01-022
I;0;01;023;slakt fjellheilandskap;I-0-01-023
I;0;01;024;slak fjellheilandskap med bygd/bebyggelse;I-0-01-024
I;0;01;025;slakt snaufjellslandskap;I-0-01-025
I;0;01;026;slakt snaufjellslandskap med isbre;I-0-01-026
I;0;01;027;småkupert lavlands-åslandskap;I-0-01-027
I;0;01;028;småkupert lavlands-åslandskap med jordbruk;I-0-01-028
I;0;01;029;småkupert lavlands-åslandskap med bygd/bebyggelse;I-0-01-029
I;0;01;030;småkupert lavlands-åslandskap med jordbruksbygd;I-0-01-030
I;0;01;031;småkupert lavlands-åslandskap med tettsted/småby;I-0-01-031
I;0;01;032;småkupert lavlands-åslandskap med tettsted/småby og jordbruk;I-0-01-032
I;0;01;033;småkupert hei- og fjellskogs-landskap;I-0-01-033
I;0;01;034;småkupert hei- og fjellskogs-landskap med jordbruk;I-0-01-034
I;0;01;035;småkupert hei- og fjellskogs-landskap med bygd/bebyggelse;I-0-01-035
I;0;01;036;småkupert fjellheilandskap;I-0-01-036
I;0;01;037;småkupert fjellheilandskap med bygd/bebyggelse;I-0-01-037
I;0;01;038;småkupert snaufjellslandskap;I-0-01-038
I;0;01;039;småkupert snaufjellslandskap med bre;I-0-01-039
I;0;01;040;kupert lavlands-åslandskap;I-0-01-040
I;0;01;041;kupert lavlands-åslandskap med bygd/bebyggelse;I-0-01-041
I;0;01;042;kupert lavlands-åslandskap med jordbruksbygd;I-0-01-042
I;0;01;043;kupert lavlands-åslandskap med tettsted/småby;I-0-01-043
I;0;01;044;kupert hei- og fjellskogs-landskap;I-0-01-044
I;0;01;045;kupert fjellheilandskap;I-0-01-045
I;0;01;046;kupert snaufjellslandskap ;I-0-01-046
I;0;01;047;kupert snaufjellslandskap med bre;I-0-01-047
I;0;01;048;bratt lavlands-åslandskap;I-0-01-048
I;0;01;049;bratt lavlands-åslandskap med bygd/bebyggelse;I-0-01-049
I;0;01;050;bratt lavlands-åslandskap med tettsted/småby;I-0-01-050
I;0;01;051;bratt hei- og fjellskogs-landskap;I-0-01-051
I;0;01;052;bratt fjellheilandskap;I-0-01-052
I;0;01;053;tindelandskap;I-0-01-053
I;0;01;054;tindelandskap med isbre;I-0-01-054
I;0;02;001;åpent lavlands-dallandskap;I-0-02-001
I;0;02;002;åpent lavlands-dallandskap med jordbruk;I-0-02-002
I;0;02;003;åpent lavlands-dallandskap med bygd/bebyggelse;I-0-02-003
I;0;02;004;åpent lavlands-dallandskap med jordbruksbygd;I-0-02-004
I;0;02;005;åpent lavlands-dallandskap med tettsted/småby;I-0-02-005
I;0;02;006;åpent lavlands-dallandskap med jorbruk og småby ;I-0-02-006
I;0;02;007;åpent hei- og fjellskogs-dallandskap;I-0-02-007
I;0;02;008;åpent hei- og fjellskogs-dallandskap med bygd/bebyggelse;I-0-02-008
I;0;02;009;åpent fjellhei-dallandskap;I-0-02-009
I;0;02;010;åpent snaufjell-dallandskap med breer;I-0-02-010
I;0;02;011;åpent snaufjell-dallandskap;I-0-02-011
I;0;02;012;åpent lavlands-dallandskap med innsjø;I-0-02-012
I;0;02;013;åpent lavlands-dallandskap med innsjø og jordbruk;I-0-02-013
I;0;02;014;åpent lavlands-dallandskap med innsjø og bygd/bebyggelse;I-0-02-014
I;0;02;015;åpent lavlands-dallandskap med innsjø og jordbruksbygd;I-0-02-015
I;0;02;016;åpent lavlands-dallandskap med innsjø og tettsted/småby;I-0-02-016
I;0;02;017;åpent hei- og fjellskogs-dallandskap med innsjø;I-0-02-017
I;0;02;018;åpent hei- og fjellskogs-dallandskap med innsjø og bygd/bebyggelse;I-0-02-018
I;0;02;019;åpent fjellhhei-dallandskap med innsjø;I-0-02-019
I;0;02;020;åpent snaufjell-dallandskap med innsjø;I-0-02-020
I;0;02;021;åpent lavlands-dallandskap med stor innsjø;I-0-02-021
I;0;02;022;åpent lavlands-dallandskap med stor innsjø og jordbruk;I-0-02-022
I;0;02;023;åpent lavlands-dallandskap med stor innsjø og jordbruksbygd;I-0-02-023
I;0;02;024;åpent lavlands-dallandskap med stor innsjø og tettsted/småby;I-0-02-024
I;0;02;025;åpent lavlands-dallandskap med stor innsjø og jorbruk og småby ;I-0-02-025
I;0;02;026;åpent lavlands-dallandskap med stor innsjø og storby;I-0-02-026
I;0;02;027;åpent hei- og fjellskogs-dallandskap med stor innsjø;I-0-02-027
I;0;02;028;åpent hei- og fjellskogs-dallandskap med stor innsjø og bygd/bebyggelse;I-0-02-028
I;0;02;029;åpent hei og fjellskogs-dallandskap med stor innsjø og tettsted/småby;I-0-02-029
I;0;02;030;åpent fjellhei-dallandskap med stor innsjø;I-0-02-030
I;0;02;031;åpent snaufjell-dallandskap med stor innsjø;I-0-02-031
I;0;02;032;relativt åpent lavlands-dallandskap;I-0-02-032
I;0;02;033;relativt åpent lavlands-dallandskap med jordbruk;I-0-02-033
I;0;02;034;relativt åpent lavlands-dallandskap med bygd/bebyggelse;I-0-02-034
I;0;02;035;relativt åpent lavlands-dallandskapmed jordbruksbygd;I-0-02-035
I;0;02;036;relativt åpent lavlands-dallandskap med tettsted/småby;I-0-02-036
I;0;02;037;relativt åpent lavlands-dallandskap med jordbruk og småby;I-0-02-037
I;0;02;038;relativt åpent lavlands-dallandskap med fjellskog;I-0-02-038
I;0;02;039;relativt åpent hei- og fjellskog-dallandskap med bygd/bebyggelse;I-0-02-039
I;0;02;040;relativt åpent hei- og fjellskog-dallandskap med tettsted/småby;I-0-02-040
I;0;02;041;relativt åpent fjellhei-dallandskap;I-0-02-041
I;0;02;042;relativt åpent fjellhei-dallandskap med bygd/bebyggelse;I-0-02-042
I;0;02;043;relativt åpent snaufjell-dallandskap;I-0-02-043
I;0;02;044;relativt åpent snaufjell-dallandskap med bre;I-0-02-044
I;0;02;045;relativt åpent lavlands-dallandskap med innsjø;I-0-02-045
I;0;02;046;relativt åpent lavlands-dallandskap med innsjø og bygd/bebyggelse;I-0-02-046
I;0;02;047;relativt åpent lavlands-dallandskap med innsjø og jordbruksbygd;I-0-02-047
I;0;02;048;relativt åpent lavlands-dallandskap med innsjø og tettsted/småby;I-0-02-048
I;0;02;049;relativt åpent hei- og fjellskogs-dallandskap med innsjø;I-0-02-049
I;0;02;050;relativt åpent hei- og fjellskogs-dallandskap med innsjø og bygd/bebyggelse;I-0-02-050
I;0;02;051;relativt åpent fjellhei-dallandskap med innsjø;I-0-02-051
I;0;02;052;relativt åpent snaufjell-dallandskap med innsjø;I-0-02-052
I;0;02;053;relativt åpent snaufjell-dallandskap med innsjø og bygd/bebyggelse;I-0-02-053
I;0;02;054;relativt åpent snaufjell-dallandskap med innsjø og bre;I-0-02-054
I;0;02;055;relativt åpent lavlands-dallandskap med stor innsjø;I-0-02-055
I;0;02;056;relativt åpent lavlands-dallandskap med stor innsjø og bygd/bebyggelse;I-0-02-056
I;0;02;057;relativt åpent lavlands-dallandskap med stor innsjø og jordbruksbygd;I-0-02-057
I;0;02;058;relativt åpent lavlands-dallandskap med stor innsjø og tettsted/småby;I-0-02-058
I;0;02;059;relativt åpent hei- og fjellskog-dallandskap med innsjø;I-0-02-059
I;0;02;060;relativt åpent hei- og fjellskog-dallandskap med stor innsjø og bygd/bebyggelse;I-0-02-060
I;0;02;061;relativt åpent fjellhei-dallandskap med stor innsjø;I-0-02-061
I;0;02;062;relativt åpent fjellhei-dallandskap med stor innsjø og bygd/bebyggelse;I-0-02-062
I;0;02;063;relativt åpent snaufjell-dallandskap med stor innsjø;I-0-02-063
I;0;02;064;relativt åpent snaufjell-dallandskap med stor innsjø og bre;I-0-02-064
I;0;02;065;nedskåret lavlands-dallandskap;I-0-02-065
I;0;02;066;nedskåret lavlands-dallandskap med jordbruk;I-0-02-066
I;0;02;067;nedskåret lavlands-dallandskap med bygd/bebyggelse;I-0-02-067
I;0;02;068;nedskåret lavlands-dallandskap med jordbruksbygd;I-0-02-068
I;0;02;069;nedskåret lavlands-dallandskap med tettsted/småby;I-0-02-069
I;0;02;070;nedskåret hei- og fjellskog-dallandskap;I-0-02-070
I;0;02;071;nedskåret hei- og fjellskog-dallandskap med bygd/bebyggelse;I-0-02-071
I;0;02;072;nedskåret fjellhei-dallandskap;I-0-02-072
I;0;02;073;nedskåret snaufjell-dallandskap;I-0-02-073
I;0;02;074;nedskåret snaufjell-dallandskap med bygd/bebyggelse;I-0-02-074
I;0;02;075;nedskåret snaufjell-dallandskap med isbre;I-0-02-075
I;0;02;076;nedskåret lavlands-dallandskap med innsjø;I-0-02-076
I;0;02;077;nedskåret lavlands-dallandskap med innsjø og bygd/bebyggelse;I-0-02-077
I;0;02;078;nedskåret lavlands-dallandskap med innsjø og tettsted/småby;I-0-02-078
I;0;02;079;nedskåret hei- og fjellskog-dallandskap med innsjø;I-0-02-079
I;0;02;080;nedskåret hei- og fjellskog-dallandskap med bygd/bebyggelse;I-0-02-080
I;0;02;081;nedskåret fjellhei-dallandskap med innsjø;I-0-02-081
I;0;02;082;nedskåret fjellhei-dallandskap med innsjø;I-0-02-082
I;0;02;083;nedskåret snaufjell-dallandskap med innsjø og isbre;I-0-02-083
I;0;02;084;nedskåret lavlands-dallandskap med stor innsjø;I-0-02-084
I;0;02;085;nedskåret lavlands-dallandskap med stor innsjø og bygd/bebyggelse;I-0-02-085
I;0;02;086;nedskåret lavlands-dallandskap med stor innsjø og jordbruksbygd;I-0-02-086
I;0;02;087;nedskåret hei- og fjellskog-dallandskap med stor innsjø;I-0-02-087
I;0;02;088;nedskåret fjellhei-dallandskap med stor innsjø;I-0-02-088
I;0;02;089;nedskåret snaufjell-dallandskap med stor innsjø;I-0-02-089
I;0;02;090;dypt nedskåret lavlands-dallandskap;I-0-02-090
I;0;02;091;dypt nedskåret lavlands-dallandskap med bygd/bebyggelse;I-0-02-091
I;0;02;092;dypt nedskåret lavlands-dallandskap med tettsted/småby;I-0-02-092
I;0;02;093;dypt nedskåret hei- og fjellskog dallandskap;I-0-02-093
I;0;02;094;dypt nedskåret hei- og fjellskog dallandskap med bygd/bebyggelse;I-0-02-094
I;0;02;095;dypt nedskåret fjellhei-dallandskap;I-0-02-095
I;0;02;096;dypt nedskåret snaufjell-dallandskap;I-0-02-096
I;0;02;097;dypt nedskåret snaufjell-dallandskap med isbre;I-0-02-097
I;0;02;098;dypt nedskåret lavlands-dallandskap med innsjø;I-0-02-098
I;0;02;099;dypt nedskåret lavlands-dallandskap med innsjø og bygd/bebyggelse;I-0-02-099
I;0;02;100;dypt nedskåret snaufjell-dallandskap med innsjø;I-0-02-100
I;0;02;101;dypt nedskåret lavlands-dallandskap med stor innsjø;I-0-02-101
I;0;02;102;dypt nedskåret lavlands-dallandskap med stor innsjø og bygd/bebyggelse;I-0-02-102
I;0;02;103;dypt nedskåret hei- og fjellskog-dallandskap med stor innsjø og bygd/bebyggelse;I-0-02-103
I;0;02;104;dypt nedskåret snaufjell-dallandskap med stor innsjø;I-0-02-104
I;0;03;001;lavlands-innlandsslettelandskap;I-0-03-001
I;0;03;002;lavlands-innlandsslettelandskap med jorbruk;I-0-03-002
I;0;03;003;lavlands-innlandsslettelandskap med bygd/bebyggelse og jordbruk;I-0-03-003
I;0;03;004;lavlands-innlandsslettelandskap med bygd/bebyggelse;I-0-03-004
I;0;03;005;lavlands-innlandsslettelandskap med tettsted/småby;I-0-03-005
I;0;03;006;lavlands-innlandsslettelandskap med tettsted/småby og jordbruk;I-0-03-006
I;0;03;007;lavlands-innlandsslettelandskap med storby;I-0-03-007
I;0;03;008;hei- og fjellskog-innlandsslettelandskap;I-0-03-008
I;0;03;009;hei- og fjellskog-innlandsslettelandskap med bygd/bebyggelse;I-0-03-009
I;0;03;010;fjellhei-innlandsslettelandskap;I-0-03-010
I;0;03;011;snaufjell-innlandsslettelandskap;I-0-03-011
I;0;03;012;snaufjell-innlandsslettelandskap med isbre;I-0-03-012
I;0;03;013;våtmarkspreget lavlands-innlandsslettelandskap;I-0-03-013
I;0;03;014;våtmarkspreget lavlands-innlandsslettelandskap med bygd/bebyggelse;I-0-03-014
I;0;03;015;våtmarkspreget lavlands-innlandsslettelandskap med bygd/bebyggelse og jordbruk;I-0-03-015
I;0;03;016;våtmarkspreget lavlands-innlandsslettelandskap med tettsted/småby;I-0-03-016
I;0;03;017;våtmarkspreget hei- og fjellskog-innlandsslettelandskap;I-0-03-017
I;0;03;018;våtmarkspreget fjellhei-innlandsslettelandskap;I-0-03-018
I;0;03;019;våtmarkspreget snaufjell-innlandsslettelandskap;I-0-03-019
I;0;03;020;kystnært lavlands-innlandsslettelandskap;I-0-03-020
I;0;03;021;kystnært lavlands-innlandsslettelandskap med bygd/bebyggelse;I-0-03-021
I;0;03;022;kystnært lavlands-innlandsslettelandskap med bygd/bebyggelse og jordbruk;I-0-03-022
I;0;03;023;kystnært lavlands-innlandsslettelandskap med tettsted/småby;I-0-03-023
I;0;03;024;kystnært lavlands-innlandsslettelandskap med tettsted/småby og jordbruk;I-0-03-024
I;0;03;025;kystnært lavlands-innlandsslettelandskap med storby;I-0-03-025
I;0;03;026;kystnært hei- og fjellskog-innlandsslettelandskap;I-0-03-026
I;0;03;027;kystnært fjellhei-innlandsslettelandskap;I-0-03-027
I;0;03;028;kystnært snaufjell-innlandsslettelandskap;I-0-03-028
I;0;03;029;kystnært snaufjell-innlandsslettelandskap med isbre;I-0-03-029
I;0;03;030;våtmarkspreget kystnært lavlands-innlandsslettelandskap;I-0-03-030
I;0;03;031;våtmarkspreget kystnært lavlands-innlandsslettelandskap med jordbruk;I-0-03-031
I;0;03;032;våtmarkspreget kystnært lavlands-innlandsslettelandskap med bygd/bebyggelse;I-0-03-032
I;0;03;033;våtmarkspreget kystnært lavlands-innlandsslettelandskap med bygd/bebyggelse og jordbruk;I-0-03-033
I;0;03;034;våtmarkspreget kystnært hei- og fjellskog-innlandsslettelandskap;I-0-03-034
I;0;03;035;våtmarkspreget kystnært fjellhei-innlandsslettelandskap;I-0-03-035
I;0;03;036;våtmarkspreget kystnært snaufjell-innlandsslettelandskap;I-0-03-036
K;0;02;001;åpent fjordlandskap;K-0-02-001
K;0;02;002;åpent fjordlandskap med bygd/bebyggelse;K-0-02-002
K;0;02;003;åpent fjordlandskap med bygd/bebyggelse og jordbruk;K-0-02-003
K;0;02;004;åpent fjordlandskap med tettsted/småby;K-0-02-004
K;0;02;005;åpent fjordlandskap med storby;K-0-02-005
K;0;02;006;åpent og våtmarkspreget fjordlandskap;K-0-02-006
K;0;02;007;åpent og våtmarkspreget fjordlandskap med bygd/bebyggelse;K-0-02-007
K;0;02;008;relativt åpent fjordlandskap;K-0-02-008
K;0;02;009;relativt åpent fjordlandskap med bygd/bebyggelse;K-0-02-009
K;0;02;010;relativt åpent fjordlandskap med bygd/bebyggelse og jordbruk;K-0-02-010
K;0;02;011;relativt åpent fjordlandskap med tettsted/småby;K-0-02-011
K;0;02;012;relativt åpent fjordlandskap med tettsted/småby og jordbruk;K-0-02-012
K;0;02;013;relativt åpent fjordlandskap med storby;K-0-02-013
K;0;02;014;relativt åpent og våtmarkspreget fjordlandskap;K-0-02-014
K;0;02;015;relativt åpent og våtmarkspreget fjordlandskap med bygd/bebyggelse;K-0-02-015
K;0;02;016;relativt åpent og våtmarkspreget fjordlandskap med tettsted/småby;K-0-02-016
K;0;02;017;nedsskåret fjordlandskap;K-0-02-017
K;0;02;018;nedsskåret fjordlandskap med bygd/bebyggelse;K-0-02-018
K;0;02;019;nedsskåret fjordlandskap med bygd/bebyggelse og jordbruk;K-0-02-019
K;0;02;020;nedsskåret fjordlandskap med tettsted/småby;K-0-02-020
K;0;02;021;nedsskåret fjordlandskap med tettsted/småby og jordbruk;K-0-02-021
K;0;02;022;nedsskåret og våtmarkspreget fjordlandskap;K-0-02-022
K;0;02;023;nedsskåret og våtmarkspreget fjordlandskap med bygd/bebyggelse;K-0-02-023
K;0;02;024;dypt nedsskåret fjordlandskap;K-0-02-024
K;0;02;025;dypt nedsskåret fjordlandskap med bygd/bebyggelse;K-0-02-025
K;0;02;026;dypt nedsskåret fjordlandskap med tettsted/småby;K-0-02-026
K;0;03;001;skjermet og slakt indre kystslettelandskap med tett bebyggelse;K-0-03-001
K;0;03;002;skjermet og slakt indre kystslettelandskap med tett bebyggelse og jordbruk;K-0-03-002
K;0;03;003;skjermet og slakt indre kystslettelandskap med tettsted/småby;K-0-03-003
K;0;03;004;skjermet og slakt indre kystslettelandskap med tettsted/småby og jordbruk;K-0-03-004
K;0;03;005;skjermet og slakt indre kystslettelandskap med by;K-0-03-005
K;0;03;006;skjermet og slakt våtmarkspreget indre kystslettelandskap med tett bebyggelse;K-0-03-006
K;0;03;007;skjermet og slakt våtmarkspreget indre kystslettelandskap med tett bebyggelse og jordbruk;K-0-03-007
K;0;03;008;skjermet og slakt våtmarkspreget indre kystslettelandskap med tettsted/småby;K-0-03-008
K;0;03;009;skjermet og middels kupert indre kystslettelandskap med tett bebyggelse;K-0-03-009
K;0;03;010;skjermet og middels kupert indre kystslettelandskap med tett bebyggelse og jordbruk;K-0-03-010
K;0;03;011;skjermet og middels kupert indre kystslettelandskap med tettsted/småby;K-0-03-011
K;0;03;012;skjermet og middels kupert indre kystslettelandskap med tettsted/småby og jordbruk;K-0-03-012
K;0;03;013;skjermet og middels kupert indre kystslettelandskap med by;K-0-03-013
K;0;03;014;skjermet og middels kupert indre kystslettelandskap med by og jordbruk;K-0-03-014
K;0;03;015;skjermet og middels kupert våtmarkspreget indre kystslettelandskap med tett bebyggelse;K-0-03-015
K;0;03;016;skjermet og middels kupert våtmarkspreget indre kystslettelandskap med tett bebyggelse og jordbruk;K-0-03-016
K;0;03;017;skjermet og svært kupert indre kystslettelandskap med tett bebyggelse;K-0-03-017
K;0;03;018;skjermet og svært kupert indre kystslettelandskap med tett bebyggelse og jordbruk;K-0-03-018
K;0;03;019;skjermet og svært kupert indre kystslettelandskap med tettsted/småby;K-0-03-019
K;0;03;020;skjermet og svært kupert våtmarkspreget indre kystslettelandskap med tett bebyggelse;K-0-03-020
K;0;03;021;middels eksponert og slakt kystslettelandskap med tett bebyggelse;K-0-03-021
K;0;03;022;middels eksponert og slakt kystslettelandskap med tett bebyggelse og jordbruk;K-0-03-022
K;0;03;023;middels eksponert og slakt kystslettelandskap med tettsted/småby;K-0-03-023
K;0;03;024;middels eksponert og slakt kystslettelandskap med tettsted/småby og jordbruk;K-0-03-024
K;0;03;025;middels eksponert og middels kupert kystslettelandskap med by;K-0-03-025
K;0;03;026;middels eksponert og middels kupert våtmarkspreget kystslettelandskap med tett bebyggelse;K-0-03-026
K;0;03;027;middels eksponert og middels kupert kystslettelandskap med tett bebyggelse;K-0-03-027
K;0;03;028;middels eksponert og middels kupert kystslettelandskap med tett bebyggelse og jordbruk;K-0-03-028
K;0;03;029;middels eksponert og middels kupert kystslettelandskap med tettsted/småby;K-0-03-029
K;0;03;030;middels eksponert og middels kupert kystslettelandskap med tettsted/småby og jordbruk;K-0-03-030
K;0;03;031;middels eksponert og middels kupert kystslettelandskap med by;K-0-03-031
K;0;03;032;middels eksponert og middels kupert våtmarkspreget kystslettelandskap med tett bebyggelse;K-0-03-032
K;0;03;033;middels eksponert og middels kupert våtmarkspreget kystslettelandskap med tettsted/småby;K-0-03-033
K;0;03;034;middels eksponert og svært kupert kystslettelandskap med tett bebyggelse;K-0-03-034
K;0;03;035;middels eksponert og svært kupert kystslettelandskap med tett bebyggelse og jordbruk;K-0-03-035
K;0;03;036;middels eksponert og svært kupert kystslettelandskap med tettsted/småby;K-0-03-036
K;0;03;037;middels eksponert og svært kupert våtmarkspreget kystslettelandskap med tett bebyggelse og jordbruk;K-0-03-037
K;0;03;038;eksponert og slakt kystslettelandskap på ytre kyst med tett bebyggelse;K-0-03-038
K;0;03;039;eksponert og slakt kystslettelandskap på ytre kyst med tett bebyggelse og jordbruk;K-0-03-039
K;0;03;040;eksponert og slakt kystslettelandskap på ytre kyst med tettsted/småby;K-0-03-040
K;0;03;041;eksponert og slakt kystslettelandskap på ytre kyst med tettsted/småby og bebyggelse;K-0-03-041
K;0;03;042;eksponert og slakt våtmarkspreget kystslettelandskap på ytre kyst med tett bebyggelse;K-0-03-042
K;0;03;043;eksponert og slakt våtmarkspreget kystslettelandskap på ytre kyst med tettsted/småby;K-0-03-043
K;0;03;044;eksponert og middels kupert kystslettelandskap på ytre kyst med tett bebyggelse;K-0-03-044
K;0;03;045;eksponert og middels kupert kystslettelandskap på ytre kyst med tett bebyggelse og jordbruk;K-0-03-045
K;0;03;046;eksponert og middels kupert kystslettelandskap på ytre kyst med tettsted/småby;K-0-03-046
K;0;03;047;eksponert og middels kupert kystslettelandskap på ytre kyst med tettsted/småby og bebyggelse;K-0-03-047
K;0;03;048;eksponert og middels kupert kystslettelandskap på ytre kyst med by;K-0-03-048
K;0;03;049;eksponert og middels kupert våtmarkspreget kystslettelandskap på ytre kyst med tett bebyggelse;K-0-03-049
K;0;03;050;eksponert og svært kupert kystslettelandskap på ytre kyst med tett bebyggelse;K-0-03-050
K;0;03;051;eksponert og svært kupert kystslettelandskap på ytre kyst med tettsted/småby;K-0-03-051
K;0;03;052;svært eksponert og slakt kystslettelandskap mot åpent hav med tett bebyggelse;K-0-03-052
K;0;03;053;svært eksponert og slakt kystslettelandskap mot åpent hav med tett bebyggelse og jordbruk;K-0-03-053
K;0;03;054;svært eksponert og slakt kystslettelandskap mot åpent hav med tettsted/småby;K-0-03-054
K;0;03;055;svært eksponert og slakt våtmarkspreget kystslettelandskap mot åpent hav med tett bebyggelse;K-0-03-055
K;0;03;056;svært eksponert og slakt våtmarkspreget kystslettelandskap mot åpent hav med tettsted/småby;K-0-03-056
K;0;03;057;svært eksponert og middels kupert kystslettelandskap mot åpent hav med tett bebyggelse;K-0-03-057
K;0;03;058;svært eksponert og middels kupert kystslettelandskap mot åpent hav med tettsted/småby;K-0-03-058
K;0;03;059;svært eksponert og middels kupert kystslettelandskap mot åpent hav med tettsted/småby og jordbruk;K-0-03-059
K;0;03;060;svært eksponert og middels kupert kystslettelandskap mot åpent hav med by;K-0-03-060
K;0;03;061;svært eksponert og middels kupert våtmarkspreget kystslettelandskap mot åpent hav med tett bebyggelse;K-0-03-061
K;0;03;062;svært eksponert og svært kupert kystslettelandskap mot åpent hav med tett bebyggelse;K-0-03-062
K;0;03;063;svært eksponert og svært kupert våtmarkspreget kystslettelandskap mot åpent hav med tett bebyggelse;K-0-03-063
M;A;01;01;grisetangbunn;M-A-01-01
M;A;01;02;grønnalge-spiraltangbunn;M-A-01-02
M;A;01;03;grønnalge-rurbunn;M-A-01-03
M;A;01;04;blæretangbunn;M-A-01-04
M;A;01;05;spiraltangbunn;M-A-01-05
M;A;01;06;sauetang-blåskjell-rurbunn;M-A-01-06
M;A;01;07;remtangbunn;M-A-01-07
M;A;01;08;strandsnegl-blåskjellbunn;M-A-01-08
M;A;01;09;strandsnegl-blåskjell-rurbunn;M-A-01-09
M;A;01;10;trådalgedominert fast saltvanns-fjærebeltebunn;M-A-01-10
M;A;01;11;beskyttet marin bergvegg i hydrolittoral;M-A-01-11
M;A;01;12;beskyttet marin bergvegg i geolittoral;M-A-01-12
M;A;01;13;moderat eksponert bergvegg i fjærebeltet;M-A-01-13
M;A;01;14;eksponert bergvegg i fjærebeltet;M-A-01-14
M;A;01;15;fast saltvanns fjærebeltebunn preget av disruptiv isforstyrrelse;M-A-01-15
M;A;02;01;beskyttet fast saltvannsbunn ovenfor rødalgebeltet;M-A-02-01
M;A;02;02;sagtang-saltvannsbunn;M-A-02-02
M;A;02;03;fingertarebunn;M-A-02-03
M;A;02;04;trådalgedominert saltvanns-fastbunn;M-A-02-04
M;A;02;05;sukkertarebunn;M-A-02-05
M;A;02;06;stortarebunn;M-A-02-06
M;A;02;07;butarebunn;M-A-02-07
M;A;02;08;ekstremt eksponert fast eufotisk saltvannsbunn;M-A-02-08
M;A;02;09;beskyttet saltvanns rødalgebunn;M-A-02-09
M;A;02;10;moderat eksponert rødalgebunn;M-A-02-10
M;A;02;11;ganske til svært eksponert rødalgebunn;M-A-02-11
M;A;02;12;beskyttet bergvegg ovenfor rødalgebeltet;M-A-02-12
M;A;02;13;beskyttet bergvegg i rødalgebeltet;M-A-02-13
M;A;02;14;moderat til ganske eksponert bergvegg ovenfor rødalgebeltet;M-A-02-14
M;A;02;15;moderat til ganske eksponert bergvegg i rødalgebeltet;M-A-02-15
M;A;02;16;svært og ekstremt eksponert bergvegg i saltvann;M-A-02-16
M;A;02;17;moderat til ganske eksponert fastbunn med store hulrom ovenfor rødalgebeltet;M-A-02-17
M;A;02;18;moderat til ganske eksponert fastbunn med store hulrom i rødalgebeltet;M-A-02-18
M;A;02;19;svært til ekstremt eksponert eufotisk saltvanns-fastbunn med store hulrom;M-A-02-19
M;A;02;20;saltvanns-fastbunn preget av disruptiv isforstyrrelse;M-A-02-20
M;A;03;01;beskyttet afotisk fastbunn i kystvann;M-A-03-01
M;A;03;02;moderat eksponert afotisk fastbunn i kystvann;M-A-03-02
M;A;03;03;ganske eksponert afotisk fastbunn i kystvann;M-A-03-03
M;A;03;04;beskyttet afotisk fastbunn i atlantisk vann;M-A-03-04
M;A;03;05;litt beskyttet til litt eksponert afotisk fastbunn i atlantisk vann;M-A-03-05
M;A;03;06;beskyttet fastbunn i intermediært vann;M-A-03-06
M;A;03;07;litt beskyttet til litt eksponert fastbunn i intermediært vann;M-A-03-07
M;A;03;08;beskyttet fastbunn i dyphavsvann;M-A-03-08
M;A;03;09;litt beskyttet til litt eksponert fastbunn i dyphavsvann;M-A-03-09
M;A;03;10;beskyttet afotisk fastbunn i arktisk vann;M-A-03-10
M;A;03;11;litt beskyttet til litt eksponert afotisk fastbunn i arktisk vann;M-A-03-11
M;A;04;01;finmaterialfattig overveiende uorganisk marin sandbunn i nedre hydrolittoral;M-A-04-01
M;A;04;02;finmaterialfattig overveiende uorganisk marin grusbunn i nedre  hydrolittoral;M-A-04-02
M;A;04;03;finmaterialfattig overveiende uorganisk marin steinbunn i nedre hydrolittoral;M-A-04-03
M;A;04;04;noe finmaterialrik overveiende uorganisk marin sand- til grusbunn i nedre hydrolittoral;M-A-04-04
M;A;04;05;finmaterialrik til -dominert overveiende uorganisk marin leire- og siltbunn i hydrolittoral til nederste geolittoral;M-A-04-05
M;A;04;06;finmaterialfattig overveiende uorganisk marin sandbunn i øvre hydrolittoral til nederste geolittoral;M-A-04-06
M;A;04;07;finmaterialfattig overveiende uorganisk marin sandbunn i nedre til midtre geolittoral;M-A-04-07
M;A;04;08;finmaterialfattig overveiende uorganisk marin grusbunn i øvre hydrolittoral til midtre geolittoral;M-A-04-08
M;A;04;09;finmaterialfattig overveiende uorganisk marin steinbunn i øvre hydrolittoral til midtre geolittoral;M-A-04-09
M;A;04;10;noe finmaterialrik overveiende uorganisk marin sand- til grusbunn i øvre hydrolittoral til midtre geolittoral;M-A-04-10
M;A;04;11;finmaterialfattig skjellsand-ruglbunn i hydrolittoral;M-A-04-11
M;A;04;12;fjærebeltebunn av konsolidert leire;M-A-04-12
M;A;05;01;finmaterialfattig overveiende uorganisk saltvanns-sandbunn ovenfor rødalgebeltet;M-A-05-01
M;A;05;02;finmaterialfattig overveiende uorganisk saltvanns-grusbunn ovenfor rødalgebeltet;M-A-05-02
M;A;05;03;finmaterialfattig overveiende uorganisk saltvanns-steinbunn ovenfor rødalgebeltet;M-A-05-03
M;A;05;04;noe finmaterialrik overveiende uorganisk saltvanns-sandbunn ovenfor rødalgebeltet;M-A-05-04
M;A;05;05;noe finmaterialrik overveiende uorganisk saltvanns-grusbunn ovenfor rødalgebeltet;M-A-05-05
M;A;05;06;finmaterialrik til -dominert overveiende uorganisk saltvanns-sedimentbunn av leire og silt ovenfor rødalgebeltet;M-A-05-06
M;A;05;07;finmaterialfattig overveiende uorganisk saltvanns-sandbunn i rødalgebeltet;M-A-05-07
M;A;05;08;finmaterialfattig overveiende uorganisk saltvanns-grusbunn i rødalgebeltet;M-A-05-08
M;A;05;09;noe finmaterialrik overveiende uorganisk saltvanns-sandbunn i rødalgebeltet;M-A-05-09
M;A;05;10;noe finmaterialrik overveiende uorganisk saltvanns-grusbunn i rødalgebeltet;M-A-05-10
M;A;05;11;finmaterialrik til -dominert saltvanns-sedimentbunn av leire og silt i rødalgebeltet;M-A-05-11
M;A;05;12;eufotisk saltvanns-skjellsandbunn;M-A-05-12
M;A;05;13; ruglbunn;M-A-05-13
M;A;05;14; eufotisk saltvanns-sedimentbunn av myrtorv;M-A-05-14
M;A;05;15;eufotisk saltvanns-sedimentbunn av dy og gytje;M-A-05-15
M;A;05;16;eufotisk saltvanns-sedimentbunn av konsolidert leire;M-A-05-16
M;A;06;01;afotisk finmaterialfattig overveiende uorganisk sandbunn i kystvann;M-A-06-01
M;A;06;02;afotisk finmaterialfattig overveiende uorganisk grusbunn i kystvann;M-A-06-02
M;A;06;03;afotisk noe finmaterialrik overveiende uorganisk sandbunn i kystvann;M-A-06-03
M;A;06;04;afotisk noe finmaterialrik overveiende uorganisk grusbunn i kystvann;M-A-06-04
M;A;06;05;afotisk finmaterialrik til dy- og gytjebunn i kystvann;M-A-06-05
M;A;06;06;afotisk finmaterialfattig overveiende uorganisk sandbunn i atlantisk vann;M-A-06-06
M;A;06;07;afotisk finmaterialfattig overveiende uorganisk grusbunn i atlantisk vann;M-A-06-07
M;A;06;08;afotisk noe finmaterialrik overveiende uorganisk sandbunn i atlantisk vann;M-A-06-08
M;A;06;09;afotisk noe finmaterialrik overveiende uorganisk grusbunn i atlantisk vann;M-A-06-09
M;A;06;10;afotisk finmaterialrik til -dominert dy- og gytjebunn i atlantisk vann;M-A-06-10
M;A;06;11;finmaterialfattig overveiende uorganisk sandbunn i intermediært vann;M-A-06-11
M;A;06;12;finmaterialfattig overveiende uorganisk grusbunn i intermediært vann;M-A-06-12
M;A;06;13;noe finmaterialrik overveiende uorganisk sandbunn i intermediært vann;M-A-06-13
M;A;06;14;noe finmaterialrik overveiende uorganisk grusbunn i intermediært vann;M-A-06-14
M;A;06;15;finmaterialrik dy- og gytjebunn i intermediært vann;M-A-06-15
M;A;06;16;finmaterialfattig overveiende uorganisk sandbunn i dyphavsvann;M-A-06-16
M;A;06;17;finmaterialfattig overveiende uorganisk grusbunn i dyphavsvann;M-A-06-17
M;A;06;18;noe finmaterialrik overveiende uorganisk sandbunn i dyphavsvann;M-A-06-18
M;A;06;19;noe finmaterialrik overveiende uorganisk grusbunn i dyphavsvann;M-A-06-19
M;A;06;20;finmaterialrik til dy- og gytjebunn i dyphavsvann;M-A-06-20
M;A;06;21;afotisk finmaterialfattig overveiende uorganisk sandbunn i arktisk vann;M-A-06-21
M;A;06;22;afortisk finmaterialfattig overveiende uorganisk grusbunn i arktisk vann;M-A-06-22
M;A;06;23;afotisk noe finmaterialrik overveiende uorganisk sandbunn i arktisk vann;M-A-06-23
M;A;06;24;afotisk noe finmaterialrik overveiende uorganisk grusbunn i arktisk vann;M-A-06-24
M;A;06;25;afotisk finmaterialrik til dy- og gytjebunn i arktisk vann;M-A-06-25
M;A;06;26;afotisk skjellsandbunn;M-A-06-26
M;A;06;27;svampspikelbunn;M-A-06-27
M;A;06;28;korallgrusbunn;M-A-06-28
M;A;06;29;afotisk satvannsbunn av dy og gytje;M-A-06-29
M;A;06;30;afotisk satvannsbunn av konsolidert leire;M-A-06-30
M;A;06;31;overveiende uorganisk dyphavsvannssedimentbunn med abyssal næringstilførselsreduksjon;M-A-06-31
M;B;01;01;salt helofyttsump;M-B-01-01
M;B;01;02;nokså brakk sublittoral helofyttsump;M-B-01-02
M;B;01;03;nokså brakk hydrolittoral helofyttsump;M-B-01-03
M;B;01;04;ekstrembrakk sublittoral helofyttsump;M-B-01-04
M;B;01;05; ekstrembrakk hydrolittoral helofyttsump;M-B-01-05
M;B;02;01;sublittoral saltvanns-undervannseng;M-B-02-01
M;B;02;02;hydrolittoral saltvanns-undervannseng;M-B-02-02
M;B;03;01;kysttilknyttet korallrev-bunn;M-B-03-01
M;B;03;02;havtilknyttet korallrev-bunn;M-B-03-02
M;C;01;01;nokså brakk fastbunn i marint hydrolittoral;M-C-01-01
M;C;01;02;nokså brakk fastbunn i marin geolittoral;M-C-01-02
M;C;01;03;ekstrembrakk fastbunn i fjærebeltet;M-C-01-03
M;C;01;04;ganske- til ekstrembrakk bergvegg i fjærebeltet;M-C-01-04
M;C;01;05;fast brakkvanns-fjærebeltebunn dominert av trådalger;M-C-01-05
M;C;02;01;bunn preget av trådalger i nokså brakt vann ovenfor rødalgebeltet;M-C-02-01
M;C;02;02;moderat eksponert fastbunn i nokså brakt vann i nedre sjøkantbeltet;M-C-02-02
M;C;02;03;ganske eksponert bergvegg i nokså brakt vann i nedre sjøkantbeltet;M-C-02-03
M;C;02;04;moderat eksponert fastbunn i nokså brakt vann i sjøkantnær til midtre sublitoral;M-C-02-04
M;C;02;05;ganske eksponert fastbunn i nokså brakt vann i sjøkantnær til midtre sublitoral;M-C-02-05
M;C;02;06;fastbunn i nokså brakt vann i rødalgebeltet;M-C-02-06
M;C;02;07;bunn preget av trådalger i ekstrem-brakt vann ovenfor rødalgebeltet;M-C-02-07
M;C;02;08;moderat til ganske eksponert fast bunn i ekstrem-brakt vann ovenfor rødalgebeltet;M-C-02-08
M;C;02;09;godt beskyttet bergvegg i nokså brakt vann ovenfor rødalgebeltet;M-C-02-09
M;C;02;10;moderat til ganske eksponert bergvegg i nokså brakt vann ovenfor rødalgebeltet;M-C-02-10
M;C;02;11;moderat til ganske eksponert bergvegg i nokså brakt vann i rødalgebeltet;M-C-02-11
M;C;02;12;bergvegg i ekstrem-brakt vann ovenfor rødalgebeltet;M-C-02-12
M;C;02;13;fast brakkvannsbunn preget av disruptiv isforstyrrelse;M-C-02-13
M;C;03;01;finmaterialfattig permanent littoralbassengbunn i geolittoral;M-C-03-01
M;C;03;02;finmaterialrik permanent littoralbassengbunn i geolittoral;M-C-03-02
M;C;03;03;permanent litoralbassengbunn i supralittoral ;M-C-03-03
M;C;03;04;temporært litoralbassengbunn i supralittoral ;M-C-03-04
M;C;04;01;nokså brakk finmaterialfattig bunn av overveiende uorganisk substrat;M-C-04-01
M;C;04;02;nokså brakk noe finmaterialrik bunn av overveiende uorganisk substrat;M-C-04-02
M;C;04;03;nokså brakk finmaterialrik bunn av overveiende uorganisk substrat;M-C-04-03
M;C;04;04;ekstrembrakk finmaterialfattig bunn av overveiende uorganisk substrat;M-C-04-04
M;C;04;05;ekstrembrakk noe finmaterialrik bunn av overveiende uorganisk substrat;M-C-04-05
M;C;04;06;ekstrembrakk finmaterialrik bunn av overveiende uorganisk substrat;M-C-04-06
M;C;04;07;nokså brakk dy- og gytjebunn;M-C-04-07
M;C;04;08;ekstrembrakk moderat kalkrik dy- og gytjebunn;M-C-04-08
M;C;04;09;ekstrembrakk svært kalkrik dy- og gytjebunn;M-C-04-09
M;C;04;10;brakkvannsbunn preget av disruptiv sedimentasjon;M-C-04-10
M;C;05;01;marine grotteinnganger og overheng i øvre sjøkantbelte;M-C-05-01
M;C;05;02;marine grotter i øvre sjøkantbelte;M-C-05-02
M;C;05;03;marine grotteinnganger og overheng ovenfor rødalgebeltet;M-C-05-03
M;C;05;04;marine grotter ovenfor rødalgebeltet;M-C-05-04
M;C;05;05;marine grotter og overheng i rødalgebeltet;M-C-05-05
M;C;06;01;vann- og gassførende kald havkilde i atlantisk vann;M-C-06-01
M;C;06;02;mudderførende kald havkilde i atlantisk vann;M-C-06-02
M;C;06;03;vann- og gassførende kald havkilde i intermediært vann;M-C-06-03
M;C;06;04;mudderførende kald havkilde i intermediært vann;M-C-06-04
M;C;06;05;vann- og gassførende kald havkilde i dyphavsvann;M-C-06-05
M;C;07;01;litt til klart jordvarmepåvirket varm havkilde;M-C-07-01
M;C;07;02;temmelig til sterkt jordvarmepåvirket varm havkilde;M-C-07-02
M;C;07;03;svært sterkt til disruptivt jordvarmepåvirket varm havkilde;M-C-07-03
M;C;08;01;eufotisk periodisk oksygenfri marin bunn;M-C-08-01
M;C;08;02;eufotisk oksygenfri marin bunn;M-C-08-02
M;C;08;03;afotisk periodisk oksygenfri marin bunn;M-C-08-03
M;C;08;04;afotisk oksygenfri marin bunn;M-C-08-04
M;C;09;01;temmelig til normalsalt havisbunn;M-C-09-01
M;C;09;02;brakkvannspreget havisbunn;M-C-09-02
M;C;10;01;havis-underside;M-C-10-01
M;F;01;01;undervannseng i nokså brakt vann;M-F-01-01
M;F;01;02;undervannseng i ekstrembrakt vann;M-F-01-02
M;J;01;01;taretrålingsbunn;M-J-01-01
M;M;01;01;sterkt endret eller ny fast marin bunn og -berg i øvre sjøkantbelte;M-M-01-01
M;M;01;02;sterkt endret eller ny fast marin bunn og -berg i nedre sjøkantbelte til rødalgebeltet;M-M-01-02
M;M;01;03;sterkt endret eller ny fast marin bunn og -berg i afotisk sone;M-M-01-03
M;M;01;04;sterkt endret eller ny overveiende uorganisk finmaterialfattig marin bunn;M-M-01-04
M;M;01;05;sterkt endret eller ny overveiende uorganisk noe finmaterialrik til -dominert marin bunn;M-M-01-05
M;M;01;06;sterkt endret eller ny marin bunn av dy og gyttje;M-M-01-06
M;M;02;01;sterkt endret fast marin bunn og -berg preget av kronisk kjemisk påvirkning;M-M-02-01
M;M;02;02;sterkt endret marin bunn av overveiende uorganisk substtrat preget av kronisk kjemisk påvirkning;M-M-02-02
L;A;01;01;svært kalkfattig og beskyttet fast strandkant-innsjøbunn;L-A-01-01
L;A;01;02;svært kalkfattig og eksponert fast strandkant-innsjøbunn;L-A-01-02
L;A;01;03;svært kalkfattig beskyttet grunn fast innsjøbun;L-A-01-03
L;A;01;04;noe kalkfattig og beskyttet fast strandkant-innsjøbunn;L-A-01-04
L;A;01;05;noe kalkfattig og eksponert fast strandkant-innsjøbunn;L-A-01-05
L;A;01;06;noe kalkfattig beskyttet grunn fast innsjøbunn;L-A-01-06
L;A;01;07;moderat kalkrik og beskyttet fast strandkant-innsjøbunn ;L-A-01-07
L;A;01;08;moderat kalkrik og eksponert fast strandkant-innsjøbunn;L-A-01-08
L;A;01;09;moderat kalkrik beskyttet grunn fast innsjøbunn;L-A-01-09
L;A;01;10;svært kalkrik og beskyttet fast strandkant-innsjøbunn;L-A-01-10
L;A;01;11;svært kalkrik og eksponert fast strandkant-innsjøbunn;L-A-01-11
L;A;01;12;svært kalkrik beskyttet grunn fast innsjøbunn;L-A-01-12
L;A;01;13;turbid eufotisk fast innsjøbunn;L-A-01-13
L;A;02;01;svært kalkfattig innsjø-sedimentbunn av silt til sand i strandkant;L-A-02-01
L;A;02;02;noe kalkfattig innsjø-sedimentbunn av silt til sand i strandkant;L-A-02-02
L;A;02;03;svært kalkfattig innsjø-sedimentbunn av silt til sand i karplantebeltet;L-A-02-03
L;A;02;04;svært kalkfattig innsjø-sedimentbunn av silt til sand i mosebeltet;L-A-02-04
L;A;02;05;noe kalkfattig innsjø-sedimentbunn av silt til sand i karplantebeltet;L-A-02-05
L;A;02;06;noe kalkfattig innsjø-sedimentbunn av silt til sand i mosebeltet;L-A-02-06
L;A;02;07;svært kalkfattig innsjø-sedimentbunn av grus til stein i strandkant;L-A-02-07
L;A;02;08;noe kalkfattig innsjø-sedimentbunn av grus til stein i strandkant;L-A-02-08
L;A;02;09;kalkfattig innsjø-sedimentbunn av blokker i strandkant;L-A-02-09
L;A;02;10;svært kalkfattig innsjø-sedimentbunn av grus til stein i karplantebeltet;L-A-02-10
L;A;02;11;svært kalkfattig innsjø-sedimentbunn av grus til stein i mosebeltet;L-A-02-11
L;A;02;12;noe kalkfattig innsjø-sedimentbunn av grus til stein i karplantebeltet;L-A-02-12
L;A;02;13;noe kalkfattig innsjø-sedimentbunn av grus til stein i mosebeltet;L-A-02-13
L;A;02;14;kalkfattig innsjø-sedimentbunn av blokker i karplantebeltet;L-A-02-14
L;A;02;15;moderat kalkrik innsjø-sedimentbunn av silt til sand i strandkant;L-A-02-15
L;A;02;16;svært kalkrik innsjø-sedimentbunn av silt til sand i strandkant;L-A-02-16
L;A;02;17;kalkrik innsjø-sedimentbunn av leire i strandkant;L-A-02-17
L;A;02;18;moderat kalkrik innsjø-sedimentbunn av silt til sand i karplantebeltet;L-A-02-18
L;A;02;19;moderat kalkrik innsjø-sedimentbunn av silt til sand i mosebeltet;L-A-02-19
L;A;02;20;svært kalkrik innsjø-sedimentbunn av silt til sand i karplantebeltet;L-A-02-20
L;A;02;21;svært kalkrik innsjø-sedimentbunn av silt til sand i mosebeltet;L-A-02-21
L;A;02;22;kalkrik innsjø-sedimentbunn av leire i karplantebeltet;L-A-02-22
L;A;02;23;moderat kalkrik innsjø-sedimentbunn av grus til stein i strandkant;L-A-02-23
L;A;02;24;svært kalkrik innsjø-sedimentbunn av grus til stein i strandkant;L-A-02-24
L;A;02;25;kalkrik innsjø-sedimentbunn av blokker i strandkant;L-A-02-25
L;A;02;26;moderat kalkrik innsjø-sedimentbunn av grus til stein i karplantebeltet;L-A-02-26
L;A;02;27;moderat kalkrik innsjø-sedimentbunn av grus til stein i mosebeltet;L-A-02-27
L;A;02;28;svært kalkrik innsjø-sedimentbunn av grus til stein i karplantebeltet;L-A-02-28
L;A;02;29;svært kalkrik innsjø-sedimentbunn av grus til stein i mosebelte;L-A-02-29
L;A;02;30;kalkrik innsjø-sedimentbunn av blokker i karplantebeltet;L-A-02-30
L;A;02;31;turbid eufotisk innsjø-sedimentbunn;L-A-02-31
L;A;02;32;pusleplante-innsjøbunn;L-A-02-32
L;A;03;01;svært kalkfattig afotisk innsjøbunn;L-A-03-01
L;A;03;02;noe kalkfattig afotisk innsjøbunn;L-A-03-02
L;A;03;03;kalkrik afotisk innsjøbunn;L-A-03-03
L;A;03;04; innsjøbunn i grotte;L-A-03-04
L;B;01;01;kalkfattig helofytt-ferskvannssump;L-B-01-01
L;B;01;02;moderat kalkrik helofytt-ferskvannssump;L-B-01-02
L;B;01;03;svært kalkrik helofytt-ferskvannssump;L-B-01-03
L;B;02;01;kalkfattig undervannseng i innsjø;L-B-02-01
L;B;02;02;moderat kalkrik undervannseng i innsjø;L-B-02-02
L;B;02;03;svært kalkrik undervannseng i innsjø;L-B-02-03
L;C;01;01;svært kalkfattig flarkgjøl-bunn på fast torv ;L-C-01-01
L;C;01;02;noe kalkfattig flarkgjøl-bunn på fast torv ;L-C-01-02
L;C;01;03;moderat kalkrik flarkgjøl-bunn på fast torv ;L-C-01-03
L;C;01;04;svært kalkrik flarkgjøl-bunn på fast torv ;L-C-01-04
L;C;01;05;høljegjøl-bunn på fast torv ;L-C-01-05
L;C;02;01;svært kalkfattig innsjøbunn av dy og gytje;L-C-02-01
L;C;02;02;noe kalkfattig innsjøbunn av dy og gytje;L-C-02-02
L;C;02;03;moderat kalkrik innsjøbunn av dy og gytje;L-C-02-03
L;C;02;04;svært kalkrik innsjøbunn av dy og gytje;L-C-02-04
L;C;03;01;kalkfattig innsjøbunn av grovt organisk materiale;L-C-03-01
L;C;03;02;kalkrik innsjøbunn av grovt organisk materiale;L-C-03-02
L;C;04;01;innsjøbunn med periodisk oksygenmangel;L-C-04-01
L;C;04;02;anoksisk innsjøbunn med gammelt havvann;L-C-04-02
L;C;04;03;anoksisk innsjøbunn betinget av saltholdig kildevann;L-C-04-03
L;C;04;04;anoksisk innsjøbunn betinget av jernholdig vann;L-C-04-04
L;C;04;05;anoksisk innsjøbunn betinget av kalkrikt vann;L-C-04-05
L;C;04;06;anoksisk innsjøbunn betinget av humusrikt vann;L-C-04-06
L;C;04;07;anoksisk innsjøbunn betinget av svovelrikt vann;L-C-04-07
L;C;05;01;breoverflate-innsjøbunn;L-C-05-01
L;C;05;02;havis-overflate-innsjøbunn;L-C-05-02
L;C;06;01;markert naturlig gjødslingspreget innsjøbunn;L-C-06-01
L;C;06;02;svært sterkt og disruptivt naturlig gjødslingspreget innsjøbunn;L-C-06-02
L;G;01;01;ny sedimentbunn i innsjø;L-G-01-01
L;G;01;02;ny fastbunn i innsjø;L-G-01-02
L;J;01;01;klart endret innsjøbunn preget av næringsstoff-overbelastning;L-J-01-01
L;M;01;01;sterkt endret ny fast innsjøbunn;L-M-01-01
L;M;01;02;kalkfattig syntetisk innsjøbunn;L-M-01-02
L;M;01;03;kalkrik syntetisk innsjøbunn;L-M-01-03
L;M;01;04;kalkfattig ny innsjø-sedimentbunn;L-M-01-04
L;M;01;05;kalkrik ny innsjø-sedimentbunn ;L-M-01-05
L;M;02;01;kalkfattig ny innsjø-sedimentbunn med opphav i elvebunn;L-M-02-01
L;M;02;02;kalkfattig ny fast innsjøbunn med opphav i elvebunn;L-M-02-02
L;M;02;03;kalkrik ny innsjø-sedimentbunn med opphav i elvebunn;L-M-02-03
L;M;02;04;kalkrik ny fast innsjøbunn med opphav i elvebunn;L-M-02-04
L;M;03;01;kalkfattig ny innsjø-sedimentbunn med opphav i våtmarkssystemer;L-M-03-01
L;M;03;02;kalkfattig ny fast innsjøbunn med opphav i våtmarkssystemer;L-M-03-02
L;M;03;03;kalkrik ny innsjø-sedimentbunn med opphav i våtmarkssystemer;L-M-03-03
L;M;03;04;kalkrik ny fast innsjøbunn med opphav i våtmarkssystemer;L-M-03-04
L;M;04;01;kalkfattig kronisk fysisk forstyrret innsjø-sedimentbunn;L-M-04-01
L;M;04;02;kalkfattig kronisk fysisk forstyrret fast innsjøbunn;L-M-04-02
L;M;04;03;kalkrik kronisk fysisk forstyrret innsjø-sedimentbunn;L-M-04-03
L;M;04;04;kalkrik kronisk fysisk forstyrret fast innsjøbunn;L-M-04-04
L;M;04;05;reguleringssone i innsjø;L-M-04-05
L;M;05;01;kronisk kjemisk påvirket innsjø-sedimentbunn ;L-M-05-01
L;M;05;02;kronisk kjemisk påvirket fast innsjøbunn ;L-M-05-02
L;M;05;03;kronisk saltpåvirket innsjø-sedimentbunn ;L-M-05-03
L;M;05;04;kronisk eutrofiert innsjø-sedimentbunn ;L-M-05-04
L;M;05;05;kronisk eutrofiert fast innsjøbunn ;L-M-05-05
L;M;05;06;kronisk forsuret innsjø-sedimentbunn ;L-M-05-06
L;M;05;07;kronisk forsuret fast innsjøbunn ;L-M-05-07
O;A;01;01;ekstremt kalkfattig fastbunn i klar og stilleflytende elv ;O-A-01-01
O;A;01;02;ekstremt kalkfattig fastbunn i klar elv med brutt overflate;O-A-01-02
O;A;01;03;ekstremt kalkfattig fastbunn i klar elv med moderat stryk;O-A-01-03
O;A;01;04;ekstremt kalkfattig fastbunn i klar elv med hvitstryk;O-A-01-04
O;A;01;05;svært kalkfattig fastbunn i klar og stilleflytende elv;O-A-01-05
O;A;01;06;svært kalkfattig fastbunn i klar elv med brutt overflate;O-A-01-06
O;A;01;07;svært kalkfattig fastbunn i klar elv med moderat stryk;O-A-01-07
O;A;01;08;svært kalkfattig fastbunn i klar elv med hvitstryk;O-A-01-08
O;A;01;09;noe kalkfattig fastbunn i klar og stilleflytende elv;O-A-01-09
O;A;01;10;noe kalkfattig fastbunn i klar elv med brutt overflate;O-A-01-10
O;A;01;11;noe kalkfattig fastbunn i klar elv med moderat stryk;O-A-01-11
O;A;01;12;noe kalkfattig fastbunn i klar elv med hvitstryk;O-A-01-12
O;A;01;13;moderat kalkrik fastbunn i klar og stilleflytende elv;O-A-01-13
O;A;01;14;moderat kalkrik fastbunn i elv med brutt overflate;O-A-01-14
O;A;01;15;moderat kalkrik fastbunn i klar elv med moderat stryk;O-A-01-15
O;A;01;16;moderat kalkrik fastbunn i klar elv med hvitstryk;O-A-01-16
O;A;01;17;svært kalkrik fastbunn i klar og stilleflytende elv;O-A-01-17
O;A;01;18;svært kalkrik fastbunn i klar elv med brutt overflate;O-A-01-18
O;A;01;19;svært kalkrik fastbunn i klar elv med moderat stryk;O-A-01-19
O;A;01;20;svært kalkrik fastbunn i klar elv med hvitstryk;O-A-01-20
O;A;01;21;ekstremt og svært kalkfattig fastbunn i humøs og stilleflytende elv;O-A-01-21
O;A;01;22;ekstremt og svært kalkfattig fastbunn i humøs elv med brutt overflate;O-A-01-22
O;A;01;23;ekstremt og svært kalkfattig fastbunn i humøs elv med moderat stryk;O-A-01-23
O;A;01;24;ekstremt og svært kalkfattig fastbunn i humøs elv med hvitstryk;O-A-01-24
O;A;01;25;noe kalkfattig og kalkrik fastbunn i humøs og stilleflytende elv;O-A-01-25
O;A;01;26;noe kalkfattig og kalkrik fastbunn i humøs elv med brutt overflate;O-A-01-26
O;A;01;27;noe kalkfattig og kalkrik fastbunn i humøs elv med moderat stryk;O-A-01-27
O;A;01;28;noe kalkfattig og kalkrik fastbunn i humøs elv med hvitstryk;O-A-01-28
O;A;01;29;ekstremt og svært kalkfattig og svært ujevn fastbunn i klar elv med stryk;O-A-01-29
O;A;01;30;noe kalkfattig og kalkrik og svært ujevn fastbunn i klar elv med stryk;O-A-01-30
O;A;01;31;turbid fast elvebunn;O-A-01-31
O;A;01;32;fast elvebunn i grotte;O-A-01-32
O;A;02;01;svært til ekstremt kalkfattig siltbunn i klar elv;O-A-02-01
O;A;02;02;svært til ekstremt kalkfattig sandbunn i klar elv;O-A-02-02
O;A;02;03;svært til ekstremt kalkfattig grusbunn i klar elv;O-A-02-03
O;A;02;04;ekstremt kalkfattig steinbunn i klar elv;O-A-02-04
O;A;02;05;svært kalkfattig steinbunn i klar elv;O-A-02-05
O;A;02;06;noe kalkfattig til kalkrik siltbunn i klar elv;O-A-02-06
O;A;02;07;noe kalkfattig til kalkrik sandbunn i klar elv;O-A-02-07
O;A;02;08;noe kalkfattig til kalkrik grusbunn i klar elv;O-A-02-08
O;A;02;09;noe kalkfattig steinbunn i klar elv;O-A-02-09
O;A;02;10;kalkrik steinbunn i klar elv;O-A-02-10
O;A;02;11;siltbunn i humøs elv;O-A-02-11
O;A;02;12;sandbunn i humøs elv;O-A-02-12
O;A;02;13;grusbunn i humøs elv;O-A-02-13
O;A;02;14;steinbunn i humøs elv;O-A-02-14
O;A;02;15;noe kalkfattig steinbunn i humøs elv;O-A-02-15
O;A;02;16;kalkrik steinbunn i humøs elv;O-A-02-16
O;A;02;17;utstrømspåvirket svært til ekstremt kalkfattig elvebunn;O-A-02-17
O;A;02;18;utstrømspåvirket noe kalkfattig til kalkrik elvebunn;O-A-02-18
O;A;02;19;noe kalkfattig til kalkrik sedimentbunn i grotte;O-A-02-19
O;A;02;20;turbid elvesedimentbunn;O-A-02-20
O;A;02;21;pusleplante-elvebunn;O-A-02-21
O;B;01;01;kalkfattig undervannseng i elv;O-B-01-01
O;B;01;02;kalkrik undervannseng i elv;O-B-01-02
O;C;01;01;sand- til grov grusbunn i kalkfattig svak ferskvannskilde;O-C-01-01
O;C;01;02;steinbunn i kalkfattig svak ferskvannskilde;O-C-01-02
O;C;01;03;storblokket bunn i kalkfattig svak ferskvannskilde;O-C-01-03
O;C;01;04;sand- til grov grusbunn i kalkfattig sterk ferskvannskilde;O-C-01-04
O;C;01;05;steinbunn i kalkfattig sterk ferskvannskilde;O-C-01-05
O;C;01;06;storblokket bunn i kalkfattig sterk ferskvannskilde;O-C-01-06
O;C;01;07;silt- til leirbunn i kalkrik svak ferskvannskilde;O-C-01-07
O;C;01;08;sand- til grov grusbunn i kalkrik svak ferskvannskilde;O-C-01-08
O;C;01;09;stein- til blokkbunn i kalkrik svak ferskvannskilde;O-C-01-09
O;C;01;10;storblokket bunn i kalkrik svak ferskvannskilde;O-C-01-10
O;C;01;11;silt- til leirbunn i kalkrik sterk ferskvannskilde;O-C-01-11
O;C;01;12;sand- til grov grusbunn i kalkrik sterk ferskvannskilde;O-C-01-12
O;C;01;13;steinbunn i kalkrik sterk ferskvannskilde;O-C-01-13
O;C;01;14;storblokket bunn i kalkrik sterk ferskvannskilde;O-C-01-14
O;C;02;01;silt- til leirbunn i litt varm ferskvannskilde;O-C-02-01
O;C;02;02;sand- til steinbunn i litt varm ferskvannskilde;O-C-02-02
O;C;02;03;stein- til blokkbunn i litt varm ferskvannskilde;O-C-02-03
O;C;02;04;storblokket bunn i litt varm ferskvannskilde;O-C-02-04
O;C;02;05;silt- til leirbunn i varm ferskvannskilde;O-C-02-05
O;C;02;06;sand- til steinbunn i varm ferskvannskilde;O-C-02-06
O;C;02;07;stein- til blokkbunn i varm ferskvannskilde;O-C-02-07
O;C;02;08;storblokket bunn i varm ferskvannskilde;O-C-02-08
O;C;02;09;svovelpåvirket bunn i litt varm ferskvannskilde;O-C-02-09
O;C;03;01;kalkfattig dy- og gytjebunn i elv;O-C-03-01
O;C;03;02;kalkrik dy- og gytjebunn i elv;O-C-03-02
O;G;01;01;ny elvebunn;O-G-01-01
O;M;01;01;kalkfattig kronisk fysisk forstyrret sedimentbunn i elv;O-M-01-01
O;M;01;02;kalkfattig kronisk fysisk forstyrret fastbunn i elv;O-M-01-02
O;M;01;03;kalkrik kronisk fysisk forstyrret sedimentbunn i elv;O-M-01-03
O;M;01;04;kalkrik kronisk fysisk forstyrret fastbunn i elv;O-M-01-04
O;M;01;05;turbid minstevannførings-strekning i elv ;O-M-01-05
O;M;02;01;kronisk kjemisk påvirket sedimentbunn i elv;O-M-02-01
O;M;02;02;kronisk kjemisk påvirket fastbunn i elv;O-M-02-02
O;M;02;03;kronisk forsuret sedimentbunn i elv;O-M-02-03
O;M;02;04;kronisk forsuret fastbunn i elv;O-M-02-04
T;A;01;01;svært lite uttørkingseksponert svært kalkfattig bergvegg;T-A-01-01
T;A;01;02;nokså lite uttørkingseksponert svært kalkfattig bergvegg;T-A-01-02
T;A;01;03;nokså uttørkingseksponert svært kalkfattig bergvegg;T-A-01-03
T;A;01;04;svært uttørkingseksponert svært kalkfattig bergvegg;T-A-01-04
T;A;01;05;svært lite uttørkingseksponert noe kalkfattig bergvegg;T-A-01-05
T;A;01;06;nokså lite uttørkingseksponert noe kalkfattig bergvegg;T-A-01-06
T;A;01;07;nokså uttørkingseksponert noe kalkfattig bergvegg;T-A-01-07
T;A;01;08;svært uttørkingseksponert noe kalkfattig bergvegg;T-A-01-08
T;A;01;09;svært lite uttørkingseksponert noe kalkrik bergvegg;T-A-01-09
T;A;01;10;nokså lite uttørkingseksponert noe kalkrik bergvegg;T-A-01-10
T;A;01;11;nokså uttørkingseksponert noe kalkrik bergvegg;T-A-01-11
T;A;01;12;svært uttørkingseksponert noe kalkrik bergvegg;T-A-01-12
T;A;01;13;svært lite uttørkingseksponert klart kalkrik bergvegg;T-A-01-13
T;A;01;14;nokså lite uttørkingseksponert klart kalkrik bergvegg;T-A-01-14
T;A;01;15;nokså uttørkingseksponert klart kalkrik bergvegg;T-A-01-15
T;A;01;16;svært uttørkingseksponert klart kalkrik bergvegg;T-A-01-16
T;A;01;17;svært lite uttørkingseksponert ekstremt kalkrik bergvegg;T-A-01-17
T;A;01;18;nokså lite uttørkingseksponert ekstremt kalkrik bergvegg;T-A-01-18
T;A;01;19;nokså uttørkingseksponert ekstremt kalkrik bergvegg;T-A-01-19
T;A;01;20;svært uttørkingseksponert ekstremt kalkrik bergvegg;T-A-01-20
T;A;01;21;svært lite uttørkingseksponert svært kalkfattig berg;T-A-01-21
T;A;01;22;nokså lite uttørkingseksponert svært kalkfattig berg;T-A-01-22
T;A;01;23;nokså uttørkingseksponert svært kalkfattig berg;T-A-01-23
T;A;01;24;svært uttørkingseksponert svært kalkfattig berg;T-A-01-24
T;A;01;25;svært lite uttørkingseksponert noe kalkfattig berg;T-A-01-25
T;A;01;26;nokså lite uttørkingseksponert noe kalkfattig berg;T-A-01-26
T;A;01;27;nokså uttørkingseksponert noe kalkfattig berg;T-A-01-27
T;A;01;28;svært uttørkingseksponert noe kalkfattig berg;T-A-01-28
T;A;01;29;svært lite uttørkingseksponert noe kalkrikt iblant overrislet berg;T-A-01-29
T;A;01;30;nokså lite uttørkingseksponert noe kalkrikt iblant overrislet berg;T-A-01-30
T;A;01;31;nokså uttørkingseksponert noe kalkrikt iblant overrislet berg;T-A-01-31
T;A;01;32;svært uttørkingseksponert noe kalkrikt iblant overrislet berg;T-A-01-32
T;A;01;33;svært lite uttørkingseksponert klart kalkrikt berg;T-A-01-33
T;A;01;34;nokså lite uttørkingseksponert klart kalkrikt berg;T-A-01-34
T;A;01;35;nokså uttørkingseksponert klart kalkrikt berg;T-A-01-35
T;A;01;36;svært uttørkingseksponert klart kalkrikt berg;T-A-01-36
T;A;01;37;svært lite uttørkingseksponert ekstremt kalkrikt berg;T-A-01-37
T;A;01;38;nokså lite uttørkingseksponert ekstremt kalkrikt berg;T-A-01-38
T;A;01;39;nokså uttørkingseksponert ekstremt kalkrikt berg;T-A-01-39
T;A;01;40;svært uttørkingseksponert ekstremt kalkrikt berg;T-A-01-40
T;A;01;41;lite uttørkingseksponert svært kalkfattig tidvis til ofte overrislet bergknaus;T-A-01-41
T;A;01;42;nokså uttørkingseksponert svært kalkfattig tidvis til ofte overrislet bergknaus;T-A-01-42
T;A;01;43;svært uttørkingseksponert svært kalkfattig tidvis til ofte overrislet bergknaus;T-A-01-43
T;A;01;44;lite uttørkingseksponert noe kalkfattig tidvis til ofte overrislet bergknaus;T-A-01-44
T;A;01;45;nokså uttørkingseksponert noe kalkfattig tidvis til ofte overrislet bergknaus;T-A-01-45
T;A;01;46;svært uttørkingseksponert noe kalkfattig tidvis til ofte overrislet bergknaus;T-A-01-46
T;A;01;47;lite uttørkingseksponert noe kalkrik tidvis til ofte overrislet bergknaus;T-A-01-47
T;A;01;48;nokså uttørkingseksponert noe kalkrik tidvis til ofte overrislet bergknaus;T-A-01-48
T;A;01;49;svært uttørkingseksponert noe kalkrik tidvis til ofte overrislet bergknaus;T-A-01-49
T;A;01;50;lite uttørkingseksponert klart til ekstremt kalkrik tidvis til ofte overrislet bergknaus;T-A-01-50
T;A;01;51;nokså uttørkingseksponert klart til ekstremt kalkrik tidvis til ofte overrislet bergknaus;T-A-01-51
T;A;01;52;svært uttørkingseksponert klart til ekstremt kalkrik tidvis til ofte overrislet bergknaus;T-A-01-52
T;A;01;53;lite uttørkingseksponert svært kalkfattig oftest overrislet bergknaus;T-A-01-53
T;A;01;54;nokså til svært uttørkingseksponert svært kalkfattig oftest overrislet bergknaus;T-A-01-54
T;A;01;55;lite uttørkingseksponert noe kalkfattig oftest overrislet bergknaus;T-A-01-55
T;A;01;56;nokså til svært uttørkingseksponert noe kalkfattig oftest overrislet bergknaus;T-A-01-56
T;A;01;57;lite uttørkingseksponert noe kalkrik oftest overrislet bergknaus;T-A-01-57
T;A;01;58;nokså til svært uttørkingseksponert kalkrik oftest overrislet bergknaus;T-A-01-58
T;A;01;59;lite uttørkingseksponert klart til ekstremt kalkrik oftest overrislet bergknaus;T-A-01-59
T;A;01;60;nokså til svært uttørkingseksponert klart til ekstremt kalkrik oftest overrislet bergknaus;T-A-01-60
T;A;01;61;svært kalkfattig flombeltebergknaus;T-A-01-61
T;A;01;62;svært kalkfattig flombeltebergvegg;T-A-01-62
T;A;01;63;noe kalkfattig flombeltebergknaus;T-A-01-63
T;A;01;64;noe kalkfattig flombeltebergvegg;T-A-01-64
T;A;01;65;noe kalkrik flombeltebergknaus;T-A-01-65
T;A;01;66;noe kalkrik flombeltebergvegg;T-A-01-66
T;A;01;67;klart til ekstremt kalkrik flombeltebergknaus;T-A-01-67
T;A;01;68;klart til ekstremt kalkrik flombeltebergvegg;T-A-01-68
T;A;01;69;svært kalkfattig fossebergknaus;T-A-01-69
T;A;01;70;svært kalkfattig fossebergvegg;T-A-01-70
T;A;01;71;noe kalkfattig fossebergknaus;T-A-01-71
T;A;01;72;noe kalkfattig fossebergvegg;T-A-01-72
T;A;01;73;noe kalkrik fossebergknaus;T-A-01-73
T;A;01;74;noe kalkrik fossebergvegg;T-A-01-74
T;A;01;75;kalkrik fossebergknaus;T-A-01-75
T;A;01;76;kalkrik flomsonebergvegg;T-A-01-76
T;A;01;77;kalkfattig snøleieberg;T-A-01-77
T;A;01;78;kalkrikt snøleieberg;T-A-01-78
T;A;01;79;kalkfattig sterkt vindblåst berg;T-A-01-79
T;A;01;80;kalkrikt sterkt vindblåst berg;T-A-01-80
T;A;01;81;fuglestein og fugleberg;T-A-01-81
T;A;02;01;kalkfattig åpen grunnlendt lyngmark;T-A-02-01
T;A;02;02;intermediær til litt kalkrik åpen grunnlendt lyngmark;T-A-02-02
T;A;02;03;temmelig til ekstremt kalkrik åpen grunnlendt lyngmark;T-A-02-03
T;A;02;04;kalkfattig åpen grunnlendt lavmark;T-A-02-04
T;A;02;05;intermediær til litt kalkrik åpen grunnlendt lavmark;T-A-02-05
T;A;02;06;temmelig til ekstremt kalkrik åpen grunnlendt lavmark;T-A-02-06
T;A;02;07;kalkfattig grunnlendt åpen fukt-lyngmark;T-A-02-07
T;A;02;08;intermediær til litt kalkrik grunnlendt åpen fukt-lyngmark;T-A-02-08
T;A;02;09;temmelig til ekstremt kalkrik grunnlendt åpen fukt-lyngmark;T-A-02-09
T;A;03;01;kalkfattig leside;T-A-03-01
T;A;03;02;intermediær til litt kalkrik leside;T-A-03-02
T;A;03;03;temmelig til ekstremt kalkrik leside;T-A-03-03
T;A;03;04;kalkfattig fjell-lynghei;T-A-03-04
T;A;03;05;intermediær til litt kalkrik fjell-lynghei;T-A-03-05
T;A;03;06;temmelig til ekstremt kalkrik fjell-lynghei;T-A-03-06
T;A;03;07;saltanriket fjell-lynghei;T-A-03-07
T;A;03;08;kalkfattig fjell-lavhei;T-A-03-08
T;A;03;09;intermediær til litt kalkrik fjell-lavhei;T-A-03-09
T;A;03;10;temmelig til ekstremt kalkrik fjell-lavhei;T-A-03-10
T;A;03;11;saltanriket fjell-lavhei;T-A-03-11
T;A;03;12;storbregne-fjelleng;T-A-03-12
T;A;03;13;høgstaude-fjelleng;T-A-03-13
T;A;03;14;kalkfattig fjell-fukthei;T-A-03-14
T;A;03;15;intermediær til svakt kalkfattig fjell-fukthei;T-A-03-15
T;A;03;16;kalkrik fjell-fukteng;T-A-03-16
T;A;04;01;kalkfattig arktisk-alpin grasmark;T-A-04-01
T;A;04;02;intermediær til litt kalkrik arktisk-alpin grasmark;T-A-04-02
T;A;04;03;temmelig til ekstremt kalkrik arktisk-alpin grasmark;T-A-04-03
T;B;01;01;blåbærskog;T-B-01-01
T;B;01;02;lågurtskog;T-B-01-02
T;B;01;03;frisk kalkskog;T-B-01-03
T;B;01;04;bærlyngskog;T-B-01-04
T;B;01;05;bærlyng-lågurtskog;T-B-01-05
T;B;01;06;kalk-bærlyngskog;T-B-01-06
T;B;01;07;lyngskog;T-B-01-07
T;B;01;08;lyng-lågurtskog;T-B-01-08
T;B;01;09;kalk-lyngskog;T-B-01-09
T;B;01;10;lavskog;T-B-01-10
T;B;01;11;lav-lågurtskog;T-B-01-11
T;B;01;12;kalk-lavskog;T-B-01-12
T;B;01;13;blåbærfuktskog;T-B-01-13
T;B;01;14;storbregneskog;T-B-01-14
T;B;01;15;høgstaudeskog;T-B-01-15
T;B;01;16;lyngfuktskog;T-B-01-16
T;B;01;17;intermediær lyngfuktskog;T-B-01-17
T;B;01;18;kalkrik lyngfuktskog;T-B-01-18
T;C;01;01;strandberg i nedre supralittoral;T-C-01-01
T;C;01;02;strandberg i midtre og øvre supralittoral;T-C-01-02
T;C;01;03;sterkt kalkrikt strandberg;T-C-01-03
T;C;01;04;temmelig til ekstremt eksponert strandberg;T-C-01-04
T;C;01;05;loddrett strandberg;T-C-01-05
T;C;01;06;strandberg preget av disruptiv isforstyrrelse;T-C-01-06
T;C;02;01;knapt uttørkingseksponert kalkfattig overheng;T-C-02-01
T;C;02;02;knapt uttørkingseksponert intermediært til  litt kalkrikt overheng;T-C-02-02
T;C;02;03;knapt uttørkingseksponert sterkt kalkrikt overheng;T-C-02-03
T;C;02;04;kalkfattig til litt kalkrik grotte;T-C-02-04
T;C;02;05;karstgrotte og overheng;T-C-02-05
T;C;02;06;indre dyp grotte;T-C-02-06
T;C;02;07;uttørkingseksponert kalkfattig overheng;T-C-02-07
T;C;02;08;uttørkingseksponert intermediært til litt kalkrikt overheng;T-C-02-08
T;C;02;09;uttørkingseksponert sterkt kalkrikt overheng;T-C-02-09
T;C;03;01;leirestrand i geolittoral;T-C-03-01
T;C;03;02;siltstrand i geolittoral;T-C-03-02
T;C;03;03;sand- til grus-strand i geolittoral;T-C-03-03
T;C;03;04;sand- til grus-strand i supralittoral;T-C-03-04
T;C;03;05;stein- til blokkstrand i geolittoral;T-C-03-05
T;C;03;06;stein- til blokkstrand i supralittoral;T-C-03-06
T;C;03;07;storblokket strand i geolittoral;T-C-03-07
T;C;03;08;storblokket strand i supralittoral;T-C-03-08
T;C;03;09;skjellsandstrand;T-C-03-09
T;C;03;10;ruglbunn-strand;T-C-03-10
T;C;03;11;disruptivt isforstyrret strand;T-C-03-11
T;C;04;01;sterkt saltanriket mark;T-C-04-01
T;C;04;02;disruptivt saltanriket mark;T-C-04-02
T;C;05;01;strandeng i nederste til nedre landstrandbelte;T-C-05-01
T;C;05;02;strandeng i midtre landstrandbelte;T-C-05-02
T;C;05;03;strandeng i øvre og øverste landstrandbelte;T-C-05-03
T;C;05;04;strandeng i bølgebeltet;T-C-05-04
T;C;05;05;skjellsand-strandeng;T-C-05-05
T;C;05;06;brakkvanns-strandeng;T-C-05-06
T;C;06;01;klart naturlig gjødslingspreget fuglefjell-eng;T-C-06-01
T;C;06;02;sterkt naturlig gjødslingspreget fuglefjell-eng;T-C-06-02
T;C;06;03;overgjødslet fuglefjell-eng;T-C-06-03
T;C;06;04;høgstaude-fuglefjelleng;T-C-06-04
T;C;07;01;fugletopp med klart naturlig gjødslingspreg;T-C-07-01
T;C;08;01;kalkfattig moderat snøleie;T-C-08-01
T;C;08;02;intermediært til litt kalkrikt moderat snøleie;T-C-08-02
T;C;08;03;sterkt kalkrikt moderat snøleie;T-C-08-03
T;C;08;04;kalkfattig seint snøleie;T-C-08-04
T;C;08;05;intermediært til litt kalkrikt seint snøleie;T-C-08-05
T;C;08;06;sterkt kalkrikt seint snøleie;T-C-08-06
T;C;08;07;fattig til litt kalkrikt ekstrem-snøleie;T-C-08-07
T;C;08;08;sterkt kalkrikt ekstrem-snøleie;T-C-08-08
T;C;08;09;vegetasjonsfritt snøleie;T-C-08-09
T;C;08;10;intermediært til  litt kalkrikt moderat snøleie med svak kildepåvirkning;T-C-08-10
T;C;08;11;sterkt kalkrikt moderat snøleie med svak kildepåvirkning;T-C-08-11
T;D;01;01;kalkfattig sand- og grus-rasmark;T-D-01-01
T;D;01;02;intermediær til litt kalkrik sand- og grus-rasmark;T-D-01-02
T;D;01;03;sterkt kalkrik sand- og grus-rasmark;T-D-01-03
T;D;01;04;kalkfattig stein- og blokk-rasmark;T-D-01-04
T;D;01;05;intermediær til litt kalkrik stein- og blokk-rasmark;T-D-01-05
T;D;01;06;sterkt kalkrik stein- og blokk-rasmark;T-D-01-06
T;D;01;07;kalkfattig storblokket bakli-rasmark;T-D-01-07
T;D;01;08;intermediær til litt kalkrik storblokket bakli-rasmark;T-D-01-08
T;D;01;09;sterkt kalkrik storblokket bakli-rasmark;T-D-01-09
T;D;01;10;kalkfattig storblokket tørke-eksponert rasmark;T-D-01-10
T;D;01;11;intermediær til litt kalkrik storblokket tørke-eksponert rasmark;T-D-01-11
T;D;01;12;sterkt kalkrik storblokket tørke-eksponert rasmark;T-D-01-12
T;D;02;01;noe utsatt flomskredmark;T-D-02-01
T;D;02;02;sterkt til disruptivt utsatt flomskredmark;T-D-02-02
T;D;03;01;kalkfattig rasmarkeng og -hei;T-D-03-01
T;D;03;02;intermediær til litt kalkrik rasmarkeng og -hei;T-D-03-02
T;D;03;03;klart kalkrik rasmarkeng og -hei;T-D-03-03
T;D;03;04;intermediær til litt kalkrik rasmarkeng og -hei med klar kildevannspåvirkning;T-D-03-04
T;D;03;05;klart kalkrik rasmarkeng og -hei med klar kildevannspåvirkning;T-D-03-05
T;D;03;06;rasmarkeng og -hei med svært sterkt raspreg;T-D-03-06
T;D;04;01;intermediær til litt kalkrik fosse-eng med fossestøv og -tåkepreg;T-D-04-01
T;D;04;02;temmelig til svært kalkrik fosse-eng med fossestøv og -tåkepreg;T-D-04-02
T;D;04;03;intermediær til litt kalkrik fosse-eng med fosseyrpreg;T-D-04-03
T;D;04;04;temmelig til svært kalkrik fosse-eng med fosseyrpreg;T-D-04-04
T;D;04;05;fosse-eng med fosseregnpreg;T-D-04-05
T;D;05;01;sterkt intermediær til litt kalkrik naturlig beitebetinget eng;T-D-05-01
T;D;05;02;klart kalkrik naturlig beitebetinget eng;T-D-05-02
T;D;06;01;kalkfattig rabbe;T-D-06-01
T;D;06;02;intermediær til litt kalkrik rabbe;T-D-06-02
T;D;06;03;klart kalkrik rabbe;T-D-06-03
T;D;06;04;saltanriket rabbe;T-D-06-04
T;D;06;05;deflasjonsrabbe;T-D-06-05
T;E;01;01;embryonal- og primærdyne;T-E-01-01
T;E;01;02;hvit dyne;T-E-01-02
T;E;01;03;grå dyne;T-E-01-03
T;E;01;04;brun dyne;T-E-01-04
T;E;01;05;dynehei;T-E-01-05
T;E;01;06;primær og hvit innlandsdyne;T-E-01-06
T;E;01;07;grå og brun innlandsdyne;T-E-01-07
T;E;01;08;erodert dyne;T-E-01-08
T;E;01;09;dynetrau;T-E-01-09
T;E;02;01;leir- og siltskred;T-E-02-01
T;E;02;02;sandskred;T-E-02-02
T;E;02;03;grusskred;T-E-02-03
T;E;03;01;intermediær til sterkt kalkrik åpen leire-flomfastmark;T-E-03-01
T;E;03;02;intermediær til sterkt kalkrik åpen silt-flomfastmark;T-E-03-02
T;E;03;03;intermediær til sterkt kalkrik åpen sand- og grus-flomfastmark;T-E-03-03
T;E;03;04;intermediær til litt kalkrik åpen stein- og blokk-flomfastmark;T-E-03-04
T;E;03;05;sterkt kalkrik åpen stein- og blokk-flomfastmark;T-E-03-05
T;E;03;06;åpen storblokket flomfastmark;T-E-03-06
T;E;04;01;nedre langvarig oversvømte flommarksbelte ;T-E-04-01
T;E;04;02;øvre langvarig oversvømte flommarksbelte ;T-E-04-02
T;E;05;01;intermediær til litt kalkrik finjords-oppfrysingsmark;T-E-05-01
T;E;05;02;sterkt kalkrik finjords-oppfrysingsmark;T-E-05-02
T;E;05;03;kalkfattig grov oppfrysingsmark ;T-E-05-03
T;E;05;04;intermediær til litt kalkrik grov oppfrysingsmark ;T-E-05-04
T;E;05;05;sterkt kalkrik grov oppfrysingsmark ;T-E-05-05
T;E;05;06;kalkfattig blokkdominert oppfrysingsmark;T-E-05-06
T;E;05;07;intermediær til litt kalkrik blokkdominert oppfrysingsmark;T-E-05-07
T;E;05;08;sterkt kalkrik blokkdominert oppfrysingsmark;T-E-05-08
T;E;05;09;svært sterkt til disruptivt påvirket finjords-oppfrysingsmark;T-E-05-09
T;E;05;10;svært sterkt til disruptivt påvirket grov oppfrysingsmark;T-E-05-10
T;E;06;01;litt beskyttet marin driftvoll;T-E-06-01
T;E;06;02;litt eksponert marin driftvoll;T-E-06-02
T;E;06;03;eksponert marin ettårs driftvoll;T-E-06-03
T;E;06;04;svært til ekstremt eksponert vegetasjonsfri marin driftvoll;T-E-06-04
T;E;06;05;brakkvannsdriftvoll;T-E-06-05
T;E;07;01;feskvannsdriftvoll;T-E-07-01
T;E;08;01;intermediær til litt kalkrik flommarkseng;T-E-08-01
T;E;08;02;klart kalkrik flommarkseng;T-E-08-02
T;E;08;03;intermediær til litt kalkrik flommarkseng med kildevannspåvirkning;T-E-08-03
T;E;08;04;klart kalkrik flommarkseng med kildevannspåvirkning;T-E-08-04
T;E;09;01;kalkfattig isinnfrysingsmark;T-E-09-01
T;E;09;02;intermediær til litt kalkrik isinnfrysingsmark;T-E-09-02
T;E;09;03;klart kalkrik isinnfrysingsmark;T-E-09-03
T;F;01;01;sandskogsmark;T-F-01-01
T;F;01;02;dyneskogsmark;T-F-01-02
T;F;02;01;beskyttet flomskogsmark på finmateriale;T-F-02-01
T;F;02;02;noe eksponert flomskogsmark på finmateriale ;T-F-02-02
T;F;02;03;kildevannspåvirket flomskogsmark på finmateriale;T-F-02-03
T;F;02;04;beskyttet flomskogsmark på grus og stein;T-F-02-04
T;F;02;05;eksponert flomskogsmark på grus og stein;T-F-02-05
T;F;02;06;brakkvanns-flomskogsmark;T-F-02-06
T;G;01;01;udifferensierte stedegne grus-løsmasser;T-G-01-01
T;G;01;02;rabbepregede kalkfattige til svakt kalkrike stedegne grus-løsmasser;T-G-01-02
T;G;01;03;rabbepregede sterkt kalkrike stedegne grus-løsmasser;T-G-01-03
T;G;01;04;fjellhei-, leside- eller grasmarkspregede kalkfattige stedegne grus-løsmasser;T-G-01-04
T;G;01;05;fjellhei-, leside- eller grasmarkspregede intermediære til svakt kalkrike stedegne grus-løsmasser;T-G-01-05
T;G;01;06;fjellhei-, leside- eller grasmarkspregede sterkt kalkrike stedegne grus-løsmasser;T-G-01-06
T;G;01;07;snøleieprede kalkfattige til svakt kalkrike stedegne grus-løsmasser;T-G-01-07
T;G;01;08;snøleiepregede sterkt kalkrike stedegne grus-løsmasser;T-G-01-08
T;G;01;09;udifferensiert stedegen stein- og blokkmark;T-G-01-09
T;G;01;10;rabbepreget kalkfattig til svakt kalkrik stedegen stein- og blokkmark;T-G-01-10
T;G;01;11;rabbepreget sterkt kalkrik stedegen stein- og blokkmark;T-G-01-11
T;G;01;12;snøleiepreget kalkfattig til svakt kalkrik stedegen stein- og blokkmark;T-G-01-12
T;G;01;13;snøleiepreget sterkt kalkrik stedegen stein- og blokkmark;T-G-01-13
T;G;01;14;udifferensiert moreneblokkmark;T-G-01-14
T;G;01;15;rabbepreget moreneblokkmark;T-G-01-15
T;G;01;16;fjellhei-, leside- eller grasmarkspreget moreneblokkmark;T-G-01-16
T;G;01;17;snøleiepreget moreneblokkmark;T-G-01-17
T;G;01;18;skogsmarkspreget moreneblokkmark;T-G-01-18
T;G;01;19;udifferensiert grusstrand;T-G-01-19
T;G;01;20;rabbepreget grusstrand;T-G-01-20
T;G;01;21;grasmarkspreget grusstrand;T-G-01-21
T;G;01;22;skogsmarkspreget grusstrand;T-G-01-22
T;G;01;23;udifferensierte stein- og blokkstrand;T-G-01-23
T;G;01;24;rabbepreget stein- og blokkstrand;T-G-01-24
T;G;01;25;grasmarkspreget stein- og blokkstrand;T-G-01-25
T;G;01;26;skogsmarkspreget stein- og blokkstrand;T-G-01-26
T;G;01;27;udifferensiert silt- og leiredominert breforland og snøavsmeltingsområde;T-G-01-27
T;G;01;28;fjellhei, leside eller grasmarkspreget silt- og leiredominert breforland og snøavsmeltingsområde;T-G-01-28
T;G;01;29;snøleiepreget silt- og leiredominert breforland og snøavsmeltingsområde;T-G-01-29
T;G;01;30;skogsmarkspreget silt- og leiredominert breforland og snøavsmeltingsområde;T-G-01-30
T;G;01;31;udifferensiert  sand- og grusdominert breforland og snøavsmeltingsområde;T-G-01-31
T;G;01;32;rabbepreget sand- og grusdominert breforland og snøavsmeltingsområde;T-G-01-32
T;G;01;33;fjellhei, leside eller grasmarkspreget sand- og grusdominert breforland og snøavsmeltingsområde;T-G-01-33
T;G;01;34;snøleiepreget sand- og grusdominert breforland og snøavsmeltingsområde;T-G-01-34
T;G;01;35;skogsmarkspreget sand- og grusdominert breforland og snøavsmeltingsområde;T-G-01-35
T;G;01;36;udifferensiert breforland og snøavsmeltingsområde dominert av blokkmark, kjempeblokker og fast fjell;T-G-01-36
T;G;01;37;rabbepreget breforland og snøavsmeltingsområde dominert av blokkmark, kjempeblokker og fast fjell;T-G-01-37
T;G;01;38;fjellhei, leside eller grasmarkspreget breforland og snøavsmeltingsområde dominert av blokkmark, kjempeblokker og fast fjell;T-G-01-38
T;G;01;39;snøleiepreget breforland og snøavsmeltingsområde dominert av blokkmark, kjempeblokker og fast fjell;T-G-01-39
T;G;01;40;konsoliderte marine bresedimenter;T-G-01-40
T;G;01;41;udifferensiert historisk silt- og leirskred;T-G-01-41
T;G;01;42;skogsmarkspreget historisk silt- og leirskred;T-G-01-42
T;G;01;43;udifferensiert historisk skred av sand og grus;T-G-01-43
T;G;01;44;skogsmarkspreget historisk skred av sand og grus;T-G-01-44
T;G;01;45;udifferensiert historisk steinskred;T-G-01-45
T;G;01;46;skogsmarkspreget historisk steinskred;T-G-01-46
T;G;01;47;udifferensiert historisk jordskred;T-G-01-47
T;G;01;48;snøleiepreget historisk jordskred;T-G-01-48
T;G;01;49;skogsmarkspreget historisk jordskred;T-G-01-49
T;G;01;50;synkehull i permafrost;T-G-01-50
T;G;01;51;flomskredmateriale;T-G-01-51
T;H;01;01;kalkfattig avskoget hei og eng i leside;T-H-01-01
T;H;01;02;intermediær til litt kalkrik avskoget hei og eng i leside;T-H-01-02
T;H;01;03;klart kalkrik avskoget hei og eng i leside;T-H-01-03
T;H;01;04;kalkfattig avskoget fjell-lynghei;T-H-01-04
T;H;01;05;intermediær til litt kalkrik avskoget fjell-lynghei;T-H-01-05
T;H;01;06;klart kalkrik avskoget fjell-lynghei;T-H-01-06
T;H;01;07;kalkfattig avskoget fjell-lavhei;T-H-01-07
T;H;01;08;intermediær til litt kalkrik avskoget fjell-lavhei;T-H-01-08
T;H;01;09;klart kalkrik avskoget fjell-lavhei;T-H-01-09
T;H;01;10;avskoget storbregne-fjelleng;T-H-01-10
T;H;01;11;avskoget høgstaude-fjelleng;T-H-01-11
T;H;01;12;avskoget kalkfattig fjell-fukthei;T-H-01-12
T;H;01;13;avskoget intermediær til svakt kalkfattig fjell-fukthei;T-H-01-13
T;H;01;14;avskoget kalkrik fjell-fukteng;T-H-01-14
T;I;01;01;grøftet eller markforstyrret klart endret friskere ikke-kalkrik skog;T-I-01-01
T;I;01;02;grøftet eller markforstyrret klart endret friskere kalkskog;T-I-01-02
T;I;01;03;grøftet eller markforstyrret klart endret tørrere ikke-kalkrik skog;T-I-01-03
T;I;01;04;grøftet eller markforstyrret klart endret tørrere kalkskog;T-I-01-04
T;I;01;05;hugd eller treslagstypeskiftet klart endret friskere ikke-kalkrik skog ;T-I-01-05
T;I;01;06;hugd eller treslagstypeskiftet klart endret friskere kalkskog;T-I-01-06
T;I;01;07;hugd eller treslagstypeskiftet klart endret tørrere ikke-kalkrik skog;T-I-01-07
T;I;01;08;hugd eller treslagstypeskiftet klart endret tørrere kalkskog;T-I-01-08
T;I;01;09;klart endret storbregneskog;T-I-01-09
T;I;01;10;klart endret høgstaudeskog;T-I-01-10
T;K;01;01;kalkfattig semi-naturlig ikke markryddet eng med åpent tresjikt;T-K-01-01
T;K;01;02;svakt kalkrik semi-naturlig ikke markryddet eng med åpent tresjikt;T-K-01-02
T;K;01;03;klart kalkrik semi-naturlig ikke markryddet eng med åpent tresjikt;T-K-01-03
T;K;01;04;kalkfattig semi-naturlig ikke markryddet tørreng med åpent tresjikt;T-K-01-04
T;K;01;05;svakt kalkrik semi-naturlig ikke markryddet tørreng med åpent tresjikt;T-K-01-05
T;K;01;06;klart kalkrik semi-naturlig ikke markryddet tørreng med åpent tresjikt;T-K-01-06
T;K;01;07;kalkfattig semi-naturlig markryddet eng med åpent tresjikt;T-K-01-07
T;K;01;08;svakt kalkrik semi-naturlig markryddet eng med åpent tresjikt;T-K-01-08
T;K;01;09;klart kalkrik semi-naturlig markryddet eng med åpent tresjikt;T-K-01-09
T;K;01;10;kalkfattig semi-naturlig markryddet tørreng med åpent tresjikt;T-K-01-10
T;K;01;11;svakt kalkrik semi-naturlig markryddet tørreng med åpent tresjikt;T-K-01-11
T;K;01;12;klart kalkrik semi-naturlig markryddet tørreng med åpent tresjikt;T-K-01-12
T;K;01;13;kalkfattig åpen semi-naturlig ikke markryddet eng;T-K-01-13
T;K;01;14;svakt kalkrik åpen semi-naturlig ikke markryddet eng;T-K-01-14
T;K;01;15;klart kalkrik åpen semi-naturlig ikke markryddet eng;T-K-01-15
T;K;01;16;kalkfattig åpen semi-naturlig ikke markryddet tørreng;T-K-01-16
T;K;01;17;svakt kalkrik åpen semi-naturlig ikke markryddet tørreng;T-K-01-17
T;K;01;18;klart kalkrik åpen semi-naturlig ikke markryddet tørreng;T-K-01-18
T;K;01;19;kalkfattig åpen semi-naturlig markryddet eng;T-K-01-19
T;K;01;20;svakt kalkrik åpen semi-naturlig markryddet eng;T-K-01-20
T;K;01;21;klart kalkrik åpen semi-naturlig markryddet eng;T-K-01-21
T;K;01;22;kalkfattig åpen semi-naturlig markryddet tørreng;T-K-01-22
T;K;01;23;svakt kalkrik åpen semi-naturlig markryddet tørreng;T-K-01-23
T;K;01;24;klart kalkrik åpen semi-naturlig markryddet tørreng;T-K-01-24
T;K;01;25;svakt kalkrik kildevannspåvirket semi-naturlig fukteng;T-K-01-25
T;K;01;26;klart kalkrik kildevannspåvirket semi-naturlig fukteng;T-K-01-26
T;K;01;27;kalkrik åpen semi-naturlig eng på stabilisert sand;T-K-01-27
T;K;02;01;semi-naturlig strandeng på overveiende uorganisk substrat i øverste midtre- til øverste landstrandbelte;T-K-02-01
T;K;02;02;semi-naturlig strandeng på overveiende uorganisk substrat i bølgebeltet;T-K-02-02
T;K;02;03;semi-naturlig strandeng på skjellsand;T-K-02-03
T;K;03;01;kalkfattig bakli-hei;T-K-03-01
T;K;03;02;intermediær til litt kalkrik bakli-hei;T-K-03-02
T;K;03;03;kalkfattig veldrenert til vekselfuktig kystlynghei;T-K-03-03
T;K;03;04;intermediær til litt kalkrik veldrenert-vekselfuktig kystlynghei;T-K-03-04
T;K;03;05;sterkt kalkrik veldrenert-vekselfuktig kystlynghei;T-K-03-05
T;K;03;06;kalkfattig fukt-kystlynghei;T-K-03-06
T;K;03;07;intermediær til litt kalkrik  fukt-kystlynghei;T-K-03-07
T;K;03;08;sterkt kalkrik fukt-kystlynghei;T-K-03-08
T;L;01;01;kalkfattig frisk ny eng med semi-naturlig preg;T-L-01-01
T;L;01;02;intermediær til litt kalkrik frisk ny eng med semi-naturlig preg;T-L-01-02
T;L;01;03;sterkt kalkrik frisk ny eng med semi-naturlig preg;T-L-01-03
T;L;01;04;kalkfattig, intermediær og tørkeutsatt ny eng med semi-naturlig preg;T-L-01-04
T;L;01;05;intermediær til litt kalkrik, intermediær til tørkeutsatt ny eng med semi-naturlig preg;T-L-01-05
T;L;01;06;sterkt kalkrik, intermediær til tørkeutsatt ny eng med semi-naturlig preg;T-L-01-06
T;L;01;07;intermediær til litt kalkrik frisk ny eng med semi-naturlig preg med klar kildevannspåvirkning;T-L-01-07
T;L;01;08;sterkt kalkrik frisk ny eng med semi-naturlig preg med klar kildevannspåvirkning;T-L-01-08
T;M;01;01;hard sterkt endret fastmark av lite modifisert substrat;T-M-01-01
T;M;01;02;hulrom i hard sterkt endret fastmark;T-M-01-02
T;M;01;03;hard sterkt endret fastmark av sterkt modifisert eller endret substrat;T-M-01-03
T;M;02;01;ny hard fastmark på tørrlagt innsjøbunn;T-M-02-01
T;M;02;02;ny hard fastmark på tørrlagt elvebunn;T-M-02-02
T;M;03;01;sterkt endret fastmark med dekke av jord eller blandet sediment;T-M-03-01
T;M;03;02;sterkt endret fastmark med dekke av leire og silt;T-M-03-02
T;M;03;03;sterkt endret fastmark med dekke av sand og grus;T-M-03-03
T;M;03;04;sterkt endret fastmark med dekke av stein og blokk;T-M-03-04
T;M;03;05;sterkt endret fastmark med dekke av stor blokk;T-M-03-05
T;M;03;06;sterkt endret fastmark av substrat preget av kjemisk påvirkning;T-M-03-06
T;M;03;07;sterkt endret fastmark av fint organisk avfall;T-M-03-07
T;M;03;08;sterkt endret fastmark av grovt organisk avfall;T-M-03-08
T;M;03;09;sterkt endret fastmark av konsolidert løst, sterkt modifisert eller syntetisk substrat;T-M-03-09
T;M;03;10;sterkt endret fastmark av ikke-konsolidert løst, sterkt modifisert eller syntetisk substrat;T-M-03-10
T;M;04;01;ny løs fastmark på tørrlagt innsjøbunn;T-M-04-01
T;M;04;02;ny løs fastmark på tørrlagt elvebunn;T-M-04-02
T;M;05;01;ny løs fastmark på drenert jordvannsmyr;T-M-05-01
T;M;05;02;ny løs fastmark på drenert nedbørsmyr;T-M-05-02
T;M;06;01;sterkt endret skogsmark etter fysisk-kjemisk markinngrep;T-M-06-01
T;M;06;02;mellomsuksesjonsstadium som ikke har opphav i skogsmark ;T-M-06-02
T;M;06;03;mellomsuksesjonsstadium i skogsmark ;T-M-06-03
T;N;01;01;blomsterbed og annen hyppig bearbeidet mark;T-N-01-01
T;N;02;01;vegkanter, plener, parker og liknende med semi-naturlig hevdpreg;T-N-02-01
T;N;03;01;vegkanter, plener, parker og liknende uten semi-naturlig hevdpreg;T-N-03-01
T;O;01;01;åker;T-O-01-01
T;O;02;01;oppdyrket mark med semi-naturlig engpreg;T-O-02-01
T;O;03;01;intensivt høstet og ugjødslet til temmelig sterkt gjødslet oppdyrket varig eng;T-O-03-01
T;O;03;02;intensivt høstet og sterkt gjødslet oppdyrket varig eng;T-O-03-02
T;O;03;03;intensivt høstet og overgjødslet oppdyrket varig eng;T-O-03-03
T;O;03;04;svært intensivt høstet og overgjødslet oppdyrket varig eng;T-O-03-04
T;O;04;01;intensivt høstet jordbruksmark uten markbearbeiding;T-O-04-01
T;O;04;02;intensivt høstet jordbruksmark med utjevnet overflate;T-O-04-02
T;O;04;03;svært intensivt høstet jordbruksmark med utjevnet overflate;T-O-04-03
V;A;01;01;temmelig til svært kalkfattig mykmatte;V-A-01-01
V;A;01;02;temmelig til svært kalkfattig nedre fastmatte;V-A-01-02
V;A;01;03;temmelig til svært kalkfattig øvre fastmatte;V-A-01-03
V;A;01;04;temmelig til svært kalkfattig nedre tuenivå;V-A-01-04
V;A;01;05;temmelig til svært kalkfattig øvre tuenivå;V-A-01-05
V;A;01;06;litt kalkfattig til svakt intermediær mykmatte;V-A-01-06
V;A;01;07;litt kalkfattig til svakt intermediær nedre fastmatte;V-A-01-07
V;A;01;08;litt kalkfattig til svakt intermediær øvre fastmatte;V-A-01-08
V;A;01;09;litt kalkfattig til svakt intermediært nedre tuenivå;V-A-01-09
V;A;01;10;sterkt intermediær til litt kalkrik mykmatte;V-A-01-10
V;A;01;11;sterkt intermediær til litt kalkrik nedre fastmatte;V-A-01-11
V;A;01;12;sterkt intermediær til litt kalkrik øvre fastmatte;V-A-01-12
V;A;01;13;sterkt intermediær til litt kalkrikt nedre tuenivå;V-A-01-13
V;A;01;14;temmelig kalkrik mykmatte;V-A-01-14
V;A;01;15;temmelig kalkrik nedre fastmatte;V-A-01-15
V;A;01;16;temmelig kalkrik øvre fastmatte;V-A-01-16
V;A;01;17;ekstremt kalkrik mykmatte;V-A-01-17
V;A;01;18;ekstremt kalkrik nedre fastmatte;V-A-01-18
V;A;01;19;ekstremt kalkrik øvre fastmatte;V-A-01-19
V;A;01;20;temmelig til ekstremt kalkrikt nedre tuenivå i myrkant;V-A-01-20
V;A;01;21;temmelig til svært kalkfattig mattenivå i myrkant;V-A-01-21
V;A;01;22;temmelig til svært kalkfattig tuenivå i myrkant;V-A-01-22
V;A;01;23;litt kalkfattig til svakt intermediært mattenivå i myrkant;V-A-01-23
V;A;01;24;litt kalkfattig til svakt intermediært tuenivå i myrkant;V-A-01-24
V;A;01;25;sterkt intermediær til litt kalkrikt mattenivå i myrkant;V-A-01-25
V;A;01;26;sterkt intermediær til litt kalkrikt tuenivå i myrkant;V-A-01-26
V;A;01;27;temmelig kalkrikt mattenivå i myrkant;V-A-01-27
V;A;01;28;ekstremt kalkrikt mattenivå i myrkant;V-A-01-28
V;A;01;29;temmelig til ekstremt kalkrikt nedre tuenivå i myrkant;V-A-01-29
V;A;01;30;sterkt intermediær til litt kalkrikt mattenivå i myrkant med svak kildepåvirkning;V-A-01-30
V;A;01;31;temmelig kalkrikt mattenivå i myrkant med svak kildepåvirkning;V-A-01-31
V;A;01;32;kalkrikt mattenivå i myrkant med saltpåvirkning;V-A-01-32
V;B;01;01;svært til temmelig kalkfattig myr- og sumpskogsmatte;V-B-01-01
V;B;01;02;svært til temmelig kalkfattig myr- og sumpskogstue;V-B-01-02
V;B;01;03;litt kalkfattig til svakt intermediær myr- og sumpskogsmatte;V-B-01-03
V;B;01;04;litt kalkfattig til svakt intermediær myr- og sumpskogstue;V-B-01-04
V;B;01;05;sterkt intermediær til litt kalkrik myr- og sumpskogsmatte;V-B-01-05
V;B;01;06;sterkt intermediær til litt kalkrik myr- og sumpskogstue;V-B-01-06
V;B;01;07;temmelig til ekstremt kalkrik myr- og sumpskogsmatte;V-B-01-07
V;B;01;08;temmelig til ekstremt kalkrik myr- og sumpskogstue;V-B-01-08
V;B;01;09;litt kalkfattig til svakt intermediær kildesumpskogsmark;V-B-01-09
V;B;01;10;sterkt intermediær til litt kalkrik kildesumpskogsmark;V-B-01-10
V;B;01;11;temmelig til ekstremt kalkrik kildesumpskogsmark;V-B-01-11
V;C;01;01;ombrotrof mykmatte;V-C-01-01
V;C;01;02;ombrotrof nedre fastmatte;V-C-01-02
V;C;01;03;ombrotrof øvre fastmatte;V-C-01-03
V;C;01;04;ombrotroft nedre tuenivå;V-C-01-04
V;C;01;05;ombrotroft øvre tuenivå;V-C-01-05
V;C;01;06;ombrotroft tuenivå i myrkant;V-C-01-06
V;C;01;07;ombrotrof rabbepreget myrtue;V-C-01-07
V;C;01;08;ombrotrof rabbepreget myrtue på permafrost;V-C-01-08
V;C;02;01;litt kalkfattig til svakt intermediær svak eller ustabil torvmarkskilde;V-C-02-01
V;C;02;02;sterkt intermediær til litt kalkrik svak eller ustabil torvmarkskilde;V-C-02-02
V;C;02;03;temmelig til ekstremt kalkrik svak eller ustabil torvmarkskilde;V-C-02-03
V;C;02;04;sterkt intermediær til litt kalkrik stabil torvmarkskilde;V-C-02-04
V;C;02;05;temmelig til ekstremt kalkrik stabil torvmarkskilde;V-C-02-05
V;C;03;01;litt kalkfattig til svakt intermediær svak eller ustabil grunnkilde;V-C-03-01
V;C;03;02;sterkt intermediær til litt kalkrik svak eller ustabil grunnkilde;V-C-03-02
V;C;03;03;temmelig til ekstremt kalkrik svak eller ustabil grunnkilde;V-C-03-03
V;C;03;04;sterkt intermediær til litt kalkrik stabil grunnkilde;V-C-03-04
V;C;03;05;temmelig til ekstremt kalkrik stabil grunnkilde;V-C-03-05
V;C;04;01;kalkfattig til litt rikt moderat våtsnøleie;V-C-04-01
V;C;04;02;sterkt kalkrikt moderat våtsnøleie;V-C-04-02
V;C;04;03;kalkfattig til litt rikt moderat, kildepåvirket snøleie;V-C-04-03
V;C;04;04;sterkt kalkrikt moderat, kildepåvirket snøleie;V-C-04-04
V;C;04;05;kalkfattig til litt rikt seint våtsnøleie;V-C-04-05
V;C;04;06;sterkt kalkrikt seint våtsnøleie;V-C-04-06
V;C;04;07;kalkfattig til litt rikt seint, kildepåvirket snøleie;V-C-04-07
V;C;04;08;sterkt kalkrikt seint, kildepåvirket snøleie;V-C-04-08
V;C;04;09;kalkfattig til litt rikt seint kildesnøleie;V-C-04-09
V;C;04;10;temmelig til ekstremt kalkrikt seint kildesnøleie;V-C-04-10
V;C;04;11;kalkfattig til litt rikt ekstremt, kildepåvirket snøleie;V-C-04-11
V;C;04;12;sterkt kalkrikt ekstremt, kildepåvirket snøleie;V-C-04-12
V;C;04;13;kalkfattig til litt rikt ekstrem-kildesnøleie;V-C-04-13
V;C;04;14;sterkt kalkrikt ekstrem-kildesnøleie;V-C-04-14
V;C;05;01;knapt kildepåvirket permafrost-våtmark på nedre mykmattenivå;V-C-05-01
V;C;05;02;klart kildepåvirket permafrost-våtmark på nedre mykmattenivå;V-C-05-02
V;C;05;03;knapt kildepåvirket permafrost-våtmark på øvre mykmatte-nedre fastmattenivå;V-C-05-03
V;C;05;04;klart kildepåvirket permafrost-våtmark på øvre mykmatte-nedre fastmattenivå;V-C-05-04
V;C;05;05;fast og tuet, knapt kildepåvirket permafrost-våtmark;V-C-05-05
V;E;01;01; kalkfattig til litt rik oppfrysingsvåtmark;V-E-01-01
V;E;01;02;temmelig til ekstremt kalkrik oppfrysingsvåtmark;V-E-01-02
V;F;01;01;nedbørsmyr-skogsmark;V-F-01-01
V;F;02;01;kalkfattig til litt rik strandsumpskogsmark;V-F-02-01
V;F;02;02;kalkrik strandsumpskogsmark;V-F-02-02
V;F;02;03;kalkrik saltpåvirket strandsumpskogsmark;V-F-02-03
V;G;01;01;udifferensiert ny naturgitt torvmark med jordvannstilførsel;V-G-01-01
V;G;01;02;økologisk differensiert ny naturgitt torvmark med kildepreg;V-G-01-02
V;G;01;03;ny naturgitt torvmark med innsjø- eller elvevannstilførsel;V-G-01-03
V;G;02;01;udifferensiert ny naturgitt grunn våtmark med jordvannstilførsel;V-G-02-01
V;G;02;02;økologisk differensiert ny naturgitt grunn våtmark med kildepreg;V-G-02-02
V;G;02;03;ny naturgitt grunn våtmark med innsjø- eller elvevannstilførsel;V-G-02-03
V;I;01;01;kalkfattig til litt kalkrik grøftet våtmarksskogsmark;V-I-01-01
V;I;01;02;kalkfattig til litt kalkrik våtmarksskogsmark med treslagsskifte eller tilplanting;V-I-01-02
V;I;01;03;temmelig til ekstremt kalkrik grøftet våtmarksskogsmark;V-I-01-03
V;I;01;04;temmelig til ekstremt kalkrik våtmarksskogsmark med treslagsskifte eller tilplanting;V-I-01-04
V;K;01;01;kalkfattig semi-naturlig myr;V-K-01-01
V;K;01;02;intermediær semi-naturlig myr;V-K-01-02
V;K;01;03;kalkrik semi-naturlig myr;V-K-01-03
V;K;02;01;kalkfattig til svakt intermediær semi-naturlig våteng;V-K-02-01
V;K;02;02;sterkt intermediær til litt kalkrik semi-naturlig våteng;V-K-02-02
V;K;02;03;temmelig til ekstremt kalkrik semi-naturlig våteng;V-K-02-03
V;K;02;04;semi-naturlig våteng med klar kildevannspåvirkning;V-K-02-04
V;M;01;01;kalkfattig til svakt intermediær grøftet jordvannsmyr;V-M-01-01
V;M;01;02;sterkt intermediær til litt kalkrik grøftet jordvannsmyr;V-M-01-02
V;M;01;03;temmelig til ekstremt kalkrik grøftet jordvannsmyr;V-M-01-03
V;M;01;04;grøftet nedbørsmyr;V-M-01-04
V;M;01;05;jordvannsmyr-torvtak;V-M-01-05
V;M;01;06;nedbørsmyr-torvtak;V-M-01-06
V;M;02;01;ny torvmark på tidligere ferskvannsbunn;V-M-02-01
V;M;03;01;ny torvmark på menneskebetinget forsumpet fastmark;V-M-03-01
V;M;04;01;sterkt endret ikke torvproduserende våtmark;V-M-04-01
V;M;05;01;ny grunn våtmark på tidligere ferskvannsbunn;V-M-05-01
V;M;06;01;ny grunn våtmark på menneskebetinget forsumpet fastmark;V-M-06-01
V;O;01;01;sterkt tråkkpreget våtmark;V-O-01-01
I;A;01;01;varig snø;I-A-01-01
I;A;01;02;jevn breoverflate;I-A-01-02
I;A;01;03;kryokonitt-preget breoverflate;I-A-01-03
I;A;01;04;snø- og issystemer på havis;I-A-01-04
S;A;01;01;eufotiske havvannmassesystemer sør for iskanten i Nordsjøen og skagerrak;S-A-01-01
S;A;01;02;eufotiske havvannmassesystemer sør for iskanten i Norskehavet og nordover;S-A-01-02
S;C;01;01;afotiske atlantiske og arktiske havvannmassesystemer;S-C-01-01
S;C;01;02;afotiske intermediære og dypvanns-havvannmassesystemer;S-C-01-02
S;C;02;01;lite ferskvannspåvirkede eufotiske fjordvannmassesystemer i ytre fjord;S-C-02-01
S;C;02;02;moderat ferskvannspåvirkede eufotiske fjordvannmassesystemer i midtre fjord;S-C-02-02
S;C;02;03;klart til sterkt ferskvannspåvirkede eufotiske fjordvannmassesystemer i indre fjord;S-C-02-03
S;C;02;04;klart til sterkt ferskvannspåvirkede og humøse eufotiske fjordvannmassesystemer i indre fjord;S-C-02-04
S;C;02;05;klart til sterkt ferskvannspåvirkede og turbide eufotiske fjordvannmassesystemer i indre fjord;S-C-02-05
S;C;03;01;afotiske sirkulerende fjordvannmassesystemer;S-C-03-01
S;C;04;01;periodisk oksygenfrie marine vannmassesystemer;S-C-04-01
S;C;04;02;oksygenfrie marine vannmassesystemer;S-C-04-02
S;C;05;01;poll;S-C-05-01
S;C;05;01;littoralbasseng;S-C-05-01
S;C;06;01;vannmassesystemer i kontaktsonen ved polar havis;S-C-06-01
S;C;06;02;vannmassesystemer under polar havis;S-C-06-02
S;C;07;01;ultrabrakke til klart brakke vannmassesystemer på polar havis-overflate;S-C-07-01
S;C;07;02; brakke til nesten normalsalte vannmassesystemer på polar havis-overflate;S-C-07-02
S;M;01;01;nye marine vannmassesystemer;S-M-01-01
S;M;02;01;marine vannmassesystemer preget av kronisk fysisk påvirkning;S-M-02-01
S;M;03;01;marine vannmassesystemer preget av kronisk fysikalsk-kjemisk påvirkning;S-M-03-01
F;A;01;01;svært kalkfattige og klare lagdelte innsjø-vannmassesystemer uten fisk;F-A-01-01
F;A;01;02;svært kalkfattige og humøse lagdelte innsjø-vannmassesystemer uten fisk;F-A-01-02
F;A;01;03;noe kalkfattige og klare lagdelte innsjø-vannmassesystemer uten fisk;F-A-01-03
F;A;01;04;noe kalkfattige og humøse lagdelte innsjø-vannmassesystemer uten fisk;F-A-01-04
F;A;01;05;moderat kalkrike lagdelte innsjø-vannmassesystemer uten fisk;F-A-01-05
F;A;01;06;svært kalkrike lagdelte innsjø-vannmassesystemer uten fisk;F-A-01-06
F;A;02;01;svært kalkfattige og klare store grunne innsjø-vannmassesystemer uten fisk;F-A-02-01
F;A;02;02;svært kalkfattige og klare små grunne innsjø-vannmassesystemer uten fisk;F-A-02-02
F;A;02;03;svært kalkfattige og humøse store grunne innsjø-vannmassesystemer uten fisk;F-A-02-03
F;A;02;04;svært kalkfattige og humøse små grunne innsjø-vannmassesystemer uten fisk;F-A-02-04
F;A;02;05;noe kalkfattige og klare store grunne innsjø-vannmassesystemer uten fisk;F-A-02-05
F;A;02;06;noe kalkfattige og klare små grunne innsjø-vannmassesystemer uten fisk;F-A-02-06
F;A;02;07;noe kalkfattige og humøse store grunne innsjø-vannmassesystemer uten fisk;F-A-02-07
F;A;02;08;noe kalkfattige og humøse små grunne innsjø-vannmassesystemer uten fisk;F-A-02-08
F;A;02;09;moderat kalkrike og klare store grunne innsjø-vannmassesystemer uten fisk;F-A-02-09
F;A;02;10;moderat kalkrike og klare små grunne innsjø-vannmassesystemer uten fisk;F-A-02-10
F;A;02;11;moderat kalkrike og humøse store grunne innsjø-vannmassesystemer uten fisk;F-A-02-11
F;A;02;12;moderat kalkrike og humøse små grunne innsjø-vannmassesystemer uten fisk;F-A-02-12
F;A;02;13;svært kalkrike og klare store grunne innsjø-vannmassesystemer uten fisk;F-A-02-13
F;A;02;14;svært kalkrike og klare små grunne innsjø-vannmassesystemer uten fisk;F-A-02-14
F;A;02;15;svært kalkrike og humøse store grunne innsjø-vannmassesystemer uten fisk;F-A-02-15
F;A;02;16;svært kalkrike og humøse små grunne innsjø-vannmassesystemer uten fisk;F-A-02-16
F;A;02;17;små og grunne humøse innsjø-vannmassesystemer uten fisk;F-A-02-17
F;B;01;01;svært kalkfattige og klare lagdelte innsjø-vannmassesystemer med enkelt fiskesamfunn;F-B-01-01
F;B;01;02;svært kalkfattige og humøse lagdelte innsjø-vannmassesystemer med enkelt fiskesamfunn;F-B-01-02
F;B;01;03;noe kalkfattige og klare lagdelte innsjø-vannmassesystemer med enkelt fiskesamfunn;F-B-01-03
F;B;01;04;noe kalkfattige og humøse lagdelte innsjø-vannmassesystemer med enkelt fiskesamfunn;F-B-01-04
F;B;01;05;moderat kalkrike lagdelte innsjø-vannmassesystemer med enkelt fiskesamfunn;F-B-01-05
F;B;01;06;svært kalkrike lagdelte innsjø-vannmassesystemer med enkelt fiskesamfunn;F-B-01-06
F;B;01;07;svært kalkfattige og klare lagdelte innsjø-vannmassesystemer med middels komplekst fiskesamfunn;F-B-01-07
F;B;01;08;svært kalkfattige og humøse lagdelte innsjø-vannmassesystemer med middels komplekst fiskesamfunn;F-B-01-08
F;B;01;09;noe kalkfattige og klare lagdelte innsjø-vannmassesystemer med middels komplekst fiskesamfunn;F-B-01-09
F;B;01;10;noe kalkfattige og humøse lagdelte innsjø-vannmassesystemer med middels komplekst fiskesamfunn;F-B-01-10
F;B;01;11;moderat kalkrike lagdelte innsjø-vannmassesystemer med middels komplekst fiskesamfunn;F-B-01-11
F;B;01;12;svært kalkrike lagdelte innsjø-vannmassesystemer med middels komplekst fiskesamfunn;F-B-01-12
F;B;01;13;svært kalkfattige og klare lagdelte innsjø-vannmassesystemer med komplekst fiskesamfunn;F-B-01-13
F;B;01;14;svært kalkfattige og humøse lagdelte innsjø-vannmassesystemer med komplekst fiskesamfunn;F-B-01-14
F;B;01;15;noe kalkfattige og klare lagdelte innsjø-vannmassesystemer med komplekst fiskesamfunn;F-B-01-15
F;B;01;16;noe kalkfattige og humøse lagdelte innsjø-vannmassesystemer med komplekst fiskesamfunn;F-B-01-16
F;B;01;17;moderat kalkrike lagdelte innsjø-vannmassesystemer med komplekst fiskesamfunn;F-B-01-17
F;B;01;18;svært kalkrike lagdelte innsjø-vannmassesystemer med komplekst fiskesamfunn;F-B-01-18
F;B;02;01;svært kalkfattige og klare grunne innsjø-vannmassesystemer med enkelt fiskesamfunn;F-B-02-01
F;B;02;02;svært kalkfattige og humøse grunne innsjø-vannmassesystemer med enkelt fiskesamfunn;F-B-02-02
F;B;02;03;noe kalkfattige og klare grunne innsjø-vannmassesystemer med enkelt fiskesamfunn;F-B-02-03
F;B;02;04;noe kalkfattige og humøse grunne innsjø-vannmassesystemer med enkelt fiskesamfunn;F-B-02-04
F;B;02;05;moderat kalkrike grunne innsjø-vannmassesystemer med enkelt fiskesamfunn;F-B-02-05
F;B;02;06;svært kalkrike grunne innsjø-vannmassesystemer med enkelt fiskesamfunn;F-B-02-06
F;B;02;07;svært kalkfattige og klare grunne innsjø-vannmassesystemer med middels komplekst fiskesamfunn;F-B-02-07
F;B;02;08;svært kalkfattige og humøse grunne innsjø-vannmassesystemer med middels komplekst fiskesamfunn;F-B-02-08
F;B;02;09;noe kalkfattige og klare grunne innsjø-vannmassesystemer med middels komplekst fiskesamfunn;F-B-02-09
F;B;02;10;noe kalkfattige og humøse grunne innsjø-vannmassesystemer med middels komplekst fiskesamfunn;F-B-02-10
F;B;02;11;moderat kalkrike grunne innsjø-vannmassesystemer med middels komplekst fiskesamfunn;F-B-02-11
F;B;02;12;svært kalkrike grunne innsjø-vannmassesystemer med middels komplekst fiskesamfunn;F-B-02-12
F;B;02;13;svært kalkfattige og klare grunne innsjø-vannmassesystemer med komplekst fiskesamfunn;F-B-02-13
F;B;02;14;svært kalkfattige og humøse grunne innsjø-vannmassesystemer med komplekst fiskesamfunn;F-B-02-14
F;B;02;15;noe kalkfattige og klare grunne innsjø-vannmassesystemer med komplekst fiskesamfunn;F-B-02-15
F;B;02;16;noe kalkfattige og humøse grunne innsjø-vannmassesystemer med komplekst fiskesamfunn;F-B-02-16
F;B;02;17;moderat kalkrike grunne innsjø-vannmassesystemer med komplekst fiskesamfunn;F-B-02-17
F;B;02;18;svært kalkrike grunne innsjø-vannmassesystemer med komplekst fiskesamfunn;F-B-02-18
F;B;03;01;elvevannmassesystemer uten fisk;F-B-03-01
F;B;03;01;elvevannmassesystemer med fisk;F-B-03-01
F;C;01;01;kalkfattige litt turbide bresjø-vannmassesystemer;F-C-01-01
F;C;01;02;kalkrike litt turbide bresjø-vannmassesystemer;F-C-01-02
F;C;01;03;svært turbide bresjø-vannmassesystemer;F-C-01-03
F;C;02;01;grottesjø-vannmassesystemer;F-C-02-01
F;C;03;01;markert naturlig gjødslingspregede limniske vannmassesystemer;F-C-03-01
F;C;03;02;svært sterkt og disruptivt naturlig gjødslingspregede limniske vannmassesystemer;F-C-03-02
F;C;04;01;innsjø-vannmassesystemer med periodisk oksygenmangel;F-C-04-01
F;C;04;02;oksygenfrie innsjø-vannmassesystemer betinget av gammelt havvann;F-C-04-02
F;C;04;03;oksygenfrie innsjø-vannmassesystemer betinget av saltholdig kildevann;F-C-04-03
F;C;04;04;oksygenfrie innsjø-vannmassesystemer betinget av jernholdig vann;F-C-04-04
F;C;04;05;oksygenfrie innsjø-vannmassesystemer betinget av kalkrikt vann;F-C-04-05
F;C;04;06;oksygenfrie innsjø-vannmassesystemer betinget av humusrikt vann;F-C-04-06
F;C;05;01;limniske vannmassesystemer på breoverflate;F-C-05-01
F;C;05;02;limniske vannmassesystemer på havis-overflate;F-C-05-02
F;M;01;01;kalkfattige grunne nye innsjø-vannmassesystemer uten fisk;F-M-01-01
F;M;01;02;kalkfattige lagdelte nye innsjø-vannmassesystemer uten fisk;F-M-01-02
F;M;01;03;kalkrike grunne nye innsjø-vannmassesystemer uten fisk;F-M-01-03
F;M;01;04;kalkrike lagdelte nye innsjø-vannmassesystemer uten fisk;F-M-01-04
F;M;01;05;kalkfattige grunne nye innsjø-vannmassesystemer med fisk;F-M-01-05
F;M;01;06;kalkfattige lagdelte nye innsjø-vannmassesystemer med fisk;F-M-01-06
F;M;01;07;kalkrike grunne nye innsjø-vannmassesystemer med fisk;F-M-01-07
F;M;01;08;kalkrike lagdelte nye innsjø-vannmassesystemer med fisk;F-M-01-08
F;M;02;01;kronisk kjemisk påvirkede innsjø-vannmassesystemer;F-M-02-01
F;M;02;02;kronisk saltpåvirkede innsjø-vannmassesystemer;F-M-02-02
F;M;02;03;kronisk eutrofierte innsjø-vannmassesystemer;F-M-02-03
F;M;02;04;kronisk forsurede innsjø-vannmassesystemer;F-M-02-04
F;M;03;01;sterkt endrede kalkfattige innsjø-vannmassesystemer preget av introduksjon eller bortfall av strukturerende organismer;F-M-03-01
F;M;03;02;sterkt endrede kalkrike innsjø-vannmassesystemer preget av introduksjon eller bortfall av strukturerende organismer;F-M-03-02
F;M;04;01;sterkt forsurede elvevannmassesystemer;F-M-04-01
F;M;05;01;sterkt endrede kalkfattige elvevannmassesystemer preget av introduksjon eller bortfall av strukturerende organismer;F-M-05-01
F;M;05;02;sterkt endrede kalkrike elvevannmassesystemer preget av introduksjon eller bortfall av strukturerende organismer;F-M-05-02
MS;0;01;01;hardbunn i marine systemer;MS-0-01-01
MS;0;02;01;på bløtbunn i marine systemer;MS-0-02-01
MS;0;02;02;i bløtbunn i marine systemer;MS-0-02-02
MS;0;03;01;på biogene karbonatsubstrater fra døde organismer i marine systemer;MS-0-03-01
MS;0;03;02;i biogene karbonatsubstrater fra døde organismer i marine systemer;MS-0-03-02
MS;0;04;01;nærmiljø rundt levende steinkoraller;MS-0-04-01
MS;0;04;02;nærmiljø rundt andre organismer med kalkskall enn steinkoraller;MS-0-04-02
MS;0;04;03;kalkskall på levende organismer med karbonatsubstrater;MS-0-04-03
MS;0;04;04;indre vev i steinkoraller;MS-0-04-04
MS;0;04;05;indre vev i andre fastsittende organismer enn steinkoraller;MS-0-04-05
MS;0;04;06;indre vev i bevegelige organismer med kalkskall;MS-0-04-06
MS;0;05;01;på marine alger;MS-0-05-01
MS;0;05;02;i marine alger;MS-0-05-02
MS;0;05;03;på marine karplanter;MS-0-05-03
MS;0;05;04;i marine karplanter;MS-0-05-04
MS;0;06;01;ytre vev hos marine vertebrater;MS-0-06-01
MS;0;06;02;indre vev hos marine vertebrater;MS-0-06-02
MS;0;06;03;ytre vev hos marine invertebrater uten kalkskjelett;MS-0-06-03
MS;0;06;04;indre vev hos marine invertebrater uten kalkskjelett;MS-0-06-04
MS;0;07;01;vedrester;MS-0-07-01
MS;0;07;02;dødt plantemateriale i marine systemer;MS-0-07-02
MS;0;08;01;døde dyr i marine systemer;MS-0-08-01
MS;0;09;01;syntetiske livsmedier i marine systemer;MS-0-09-01
MU;0;01;01;substratfrie livsmedier i marine systemer;MU-0-01-01
FS;0;01;01;hardbunn i ferskvann;FS-0-01-01
FS;0;02;01;på bløtbunn i ferskvann;FS-0-02-01
FS;0;02;02;i bløtbunn i ferskvann;FS-0-02-02
FS;0;03;01;på ferskvannsalger;FS-0-03-01
FS;0;03;02;i ferskvannsalger;FS-0-03-02
FS;0;03;03;på ferskvannskarplanter og -moser;FS-0-03-03
FS;0;03;04;i ferskvannskarplanter og -moser;FS-0-03-04
FS;0;04;01;ytre vev hos ferskvannsvertebrater;FS-0-04-01
FS;0;04;02;indre vev hos ferskvannsvertebrater;FS-0-04-02
FS;0;04;03;ytre vev hos ferskvannsinvertebrater;FS-0-04-03
FS;0;04;04;indre vev hos ferskvannsinvertebrater;FS-0-04-04
FS;0;05;01;myrtorv;FS-0-05-01
FS;0;05;02;dy og gyttje;FS-0-05-02
FS;0;05;03;vedrester;FS-0-05-03
FS;0;05;04;døde planter;FS-0-05-04
FS;0;05;05;døde dyr;FS-0-05-05
FS;0;06;01;syntetiske livsmedier i ferskvann;FS-0-06-01
U;0;01;01;substratfrie livsmedier i ferskvann;U-0-01-01
TS;0;01;01;grovere uorganiske substrater på land;TS-0-01-01
TS;0;02;01;på finere uorganiske substrater på land;TS-0-02-01
TS;0;02;02;i finere uorganiske substrater på land;TS-0-02-02
TS;0;03;01;på råhumus;TS-0-03-01
TS;0;03;02;i råhumus;TS-0-03-02
TS;0;03;03;på torv;TS-0-03-03
TS;0;03;04;i torv;TS-0-03-04
TS;0;03;05;flytjord;TS-0-03-05
TS;0;04;01;på levende, ikke forvedete planter på land;TS-0-04-01
TS;0;04;02;i levende, ikke forvedete planter på land;TS-0-04-02
TS;0;04;03;røtter av levende, ikke forvedete planter på land;TS-0-04-03
TS;0;05;01;på bladverk, nåleverk og reproduktive deler av levende forvedete planter på land;TS-0-05-01
TS;0;05;02;i bladverk, nåleverk og reproduktive deler av levende forvedete planter på land;TS-0-05-02
TS;0;06;01;levende og nylig død ved;TS-0-06-01
TS;0;06;02;stående død ved;TS-0-06-02
TS;0;06;03;stubbe eller liggende død ved;TS-0-06-03
TS;0;06;04;bark;TS-0-06-04
TS;0;06;05;hulhet i tre;TS-0-06-05
TS;0;06;06;vedboende sopp;TS-0-06-06
TS;0;06;07;sevjeutflod;TS-0-06-07
TS;0;06;08;sterkt modifisert ved innendørs;TS-0-06-08
TS;0;06;09;sterkt modifisert ved utendørs;TS-0-06-09
TS;0;06;10;tømmeropplag;TS-0-06-10
TS;0;06;11;rekved;TS-0-06-11
TS;0;06;12;barkhaug;TS-0-06-12
TS;0;06;13;sagflishaug;TS-0-06-13
TS;0;06;14;annet hogstavfall enn bark og sagflis;TS-0-06-14
TS;0;07;01;muggliknende sopp;TS-0-07-01
TS;0;07;02;pulver- og flekkdannende sopp;TS-0-07-02
TS;0;07;03;fruktlegemer med løst vev, inkludert jordboende sopp;TS-0-07-03
TS;0;07;04;underjordisk mycel;TS-0-07-04
TS;0;07;05;lav og kjuker og andre lenge-varende fruktlegemer;TS-0-07-05
TS;0;08;01;ytre vev hos levende vertebrater;TS-0-08-01
TS;0;08;02;indre vev hos levende vertebrater;TS-0-08-02
TS;0;08;03;ytre vev hos levende invertebrater;TS-0-08-03
TS;0;08;04;indre vev hos levende invertebrater;TS-0-08-04
TS;0;08;05;smågnagerbo og -ganger;TS-0-08-05
TS;0;08;06;bo av større pattedyr;TS-0-08-06
TS;0;08;07;fuglereir;TS-0-08-07
TS;0;08;08;maurtue og -bo;TS-0-08-08
TS;0;08;09;vepse- og humlebol;TS-0-08-09
TS;0;08;10;bikube;TS-0-08-10
TS;0;09;01;strøfall;TS-0-09-01
TS;0;09;02;dødt plantemateriale i fjæresonen;TS-0-09-02
TS;0;09;03;dødt plantemateriale i flomsonen;TS-0-09-03
TS;0;09;04;kompost;TS-0-09-04
TS;0;09;05;tørket plantemateriale;TS-0-09-05
TS;0;09;06;matvarer og organisk avfall innendørs;TS-0-09-06
TS;0;10;01;åtsler;TS-0-10-01
TS;0;10;02;bein og horn;TS-0-10-02
TS;0;10;03;tørre rester etter døde dyr;TS-0-10-03
TS;0;10;04;utstoppete dyr;TS-0-10-04
TS;0;10;05;insektsamlinger;TS-0-10-05
TS;0;10;06;avfallshauger med animalske rester;TS-0-10-06
TS;0;10;07;tørket bein- og hornmateriale;TS-0-10-07
TS;0;10;08;annet avfall av animalsk opprinnelse;TS-0-10-08
TS;0;11;01;pattedyrmøkk;TS-0-11-01
TS;0;11;02;fuglegjødsel;TS-0-11-02
TS;0;12;01;syntetiske livsmedier på land;TS-0-12-01
TU;0;01;01;snø;TU-0-01-01
TU;0;01;02;is;TU-0-01-02
